,bioproject,organism,broad_cat,avg_count,bioproject_total
1259,PRJNA633402,manure metagenome,other,20.0,4
1652,PRJNA847183,feces metagenome,other,20.0,1
1267,PRJNA640717,feces metagenome,other,20.0,2
1588,PRJNA801755,gut metagenome,other,19.833333333333332,6
1832,PRJNA951897,feces metagenome,other,19.6,10
426,PRJNA1102664,gut metagenome,other,19.541666666666668,24
1258,PRJNA633399,manure metagenome,other,19.5,4
919,PRJNA471937,feces metagenome,other,19.5,6
444,PRJNA1118426,metagenome,other,19.25,4
1582,PRJNA796172,feces metagenome,other,19.181818181818183,11
73,PRJEB26961,gut metagenome,other,19.145454545454545,220
15,PRJEB12458,unidentified,other,19.0,20
942,PRJNA492489,metagenome,other,19.0,5
1010,PRJNA529503,metagenome,other,19.0,8
98,PRJEB31742,gut metagenome,other,19.0,4
1394,PRJNA691721,manure metagenome,other,19.0,1
1408,PRJNA693984,lichen metagenome,other,19.0,1
491,PRJNA1163957,feces metagenome,other,18.941176470588236,17
1810,PRJNA942432,gut metagenome,other,18.77777777777778,9
1587,PRJNA801645,feces metagenome,other,18.75,12
1893,PRJNA999451,metagenome,other,18.333333333333332,9
795,PRJNA386715,soil metagenome,other,18.0,1
1414,PRJNA699174,air metagenome,other,18.0,24
1505,PRJNA760651,gut metagenome,other,18.0,10
931,PRJNA484080,bioreactor metagenome,other,18.0,1
1379,PRJNA684647,soil metagenome,other,17.846153846153847,13
1277,PRJNA647157,gut metagenome,other,17.545454545454547,11
1452,PRJNA728379,feces metagenome,other,17.142857142857142,14
1645,PRJNA844237,gut metagenome,other,17.0,20
1268,PRJNA640717,food production metagenome,other,17.0,2
627,PRJNA356291,bovine gut metagenome,other,16.958333333333332,72
962,PRJNA506462,wastewater metagenome,other,16.5,2
1649,PRJNA846871,sediment metagenome,other,16.22222222222222,9
1493,PRJNA752974,seawater metagenome,other,16.0,1
628,PRJNA356809,gut metagenome,other,16.0,1
1341,PRJNA662623,manure metagenome,other,15.666666666666666,3
118,PRJEB34736,metagenome,other,15.518518518518519,27
945,PRJNA494875,gut metagenome,other,15.5,66
1257,PRJNA633392,manure metagenome,other,15.333333333333334,12
1470,PRJNA737271,manure metagenome,other,15.3,20
1297,PRJNA651859,soil metagenome,other,15.0,1
938,PRJNA488089,wastewater metagenome,other,15.0,1
1868,PRJNA982563,feces metagenome,other,15.0,8
117,PRJEB34690,wastewater metagenome,other,15.0,1
1106,PRJNA554776,Lawsonia intracellularis,other,14.863636363636363,22
1721,PRJNA892010,compost metagenome,other,14.785714285714286,14
1127,PRJNA574851,feces metagenome,other,14.5,10
1462,PRJNA733006,gut metagenome,other,14.4,5
228,PRJEB59119,wastewater metagenome,other,14.1,10
1397,PRJNA691978,gut metagenome,other,14.0,6
245,PRJEB68161,clothing metagenome,other,14.0,1
475,PRJNA1146790,anaerobic digester metagenome,other,13.791666666666666,24
1448,PRJNA726842,Macaca mulatta,other,13.5,4
852,PRJNA420682,bovine metagenome,other,13.285714285714286,28
227,PRJEB59119,feces metagenome,other,13.196078431372548,51
799,PRJNA390250,manure metagenome,other,13.166666666666666,6
1722,PRJNA892768,gut metagenome,other,13.0625,16
1371,PRJNA681092,bioreactor metagenome,other,13.045454545454545,44
148,PRJEB39685,feces metagenome,other,13.01526717557252,131
16,PRJEB12466,unidentified,other,12.88888888888889,18
47,PRJEB21168,metagenome,other,12.76923076923077,13
1494,PRJNA752974,wastewater metagenome,other,12.666666666666666,3
500,PRJNA1169384,wastewater metagenome,other,12.551020408163266,49
1656,PRJNA849338,gut metagenome,other,12.5,40
1362,PRJNA675135,metagenome,other,12.25,4
1145,PRJNA598414,feces metagenome,other,12.045454545454545,22
1803,PRJNA939351,hospital metagenome,other,12.0,1
999,PRJNA526405,metagenome,other,11.742857142857142,35
99,PRJEB32496,gut metagenome,other,11.707692307692307,65
1664,PRJNA853181,manure metagenome,other,11.7,10
912,PRJNA453374,metagenome,other,11.678571428571429,28
52,PRJEB22062,metagenome,other,11.619277108433735,415
1138,PRJNA591725,wastewater metagenome,other,11.545454545454545,22
280,PRJNA1015378,gut metagenome,other,11.5,2
1236,PRJNA623064,dust metagenome,other,11.397435897435898,78
354,PRJNA1029234,wastewater metagenome,other,11.0,1
1367,PRJNA677897,metagenome,other,11.0,3
1865,PRJNA981221,metagenome,other,11.0,1
1840,PRJNA956287,outdoor metagenome,other,11.0,1
1003,PRJNA527324,air metagenome,other,10.9,10
202,PRJEB48889,Rinodina peloleuca,other,10.81132075471698,53
1567,PRJNA784525,metagenome,other,10.571428571428571,7
1517,PRJNA768538,bioreactor sludge metagenome,other,10.5,2
1142,PRJNA595610,feces metagenome,other,10.333333333333334,3
546,PRJNA298260,bovine metagenome,other,10.3,10
391,PRJNA1065278,wastewater metagenome,other,10.142857142857142,7
244,PRJEB68161,air metagenome,other,10.0,1
1817,PRJNA945245,wastewater metagenome,other,10.0,3
54,PRJEB22765,gut metagenome,other,9.95,20
932,PRJNA484080,feces metagenome,other,9.9,10
1627,PRJNA827108,gut metagenome,other,9.75,4
32,PRJEB15296,metagenome,other,9.75,4
1029,PRJNA533495,bioreactor metagenome,other,9.625,32
1782,PRJNA924947,gut metagenome,other,9.625,8
492,PRJNA1163957,soil metagenome,other,9.5,2
219,PRJEB52722,metagenome,other,9.428571428571429,7
116,PRJEB34634,sediment metagenome,other,9.35656836461126,373
158,PRJEB40824,metagenome,other,9.25,4
494,PRJNA1164203,metagenome,other,9.150943396226415,53
1465,PRJNA734100,feces metagenome,other,9.083333333333334,12
534,PRJNA269993,bovine gut metagenome,other,9.0,1
11,PRJEB10064,metagenome,other,9.0,2
995,PRJNA524094,Escherichia coli,other,9.0,1
265,PRJNA1005436,activated sludge metagenome,other,9.0,1
490,PRJNA1163957,drinking water metagenome,other,9.0,2
1116,PRJNA565268,gut metagenome,other,9.0,2
1032,PRJNA533779,manure metagenome,other,9.0,4
82,PRJEB28796,uncultured bacterium,other,9.0,1
1763,PRJNA909573,bovine metagenome,other,8.75,12
1262,PRJNA634981,wastewater metagenome,other,8.714285714285714,14
963,PRJNA506496,fermentation metagenome,other,8.58974358974359,39
1274,PRJNA645414,gut metagenome,other,8.526315789473685,19
24,PRJEB1391,gut metagenome,other,8.5,4
1672,PRJNA858821,wastewater metagenome,other,8.296296296296296,27
1650,PRJNA847006,gut metagenome,other,8.285714285714286,14
437,PRJNA1113194,metagenome,other,8.25,4
421,PRJNA1096289,gut metagenome,other,8.228571428571428,70
1616,PRJNA822406,gut metagenome,other,8.125,8
1755,PRJNA904380,wastewater metagenome,other,8.11111111111111,9
1553,PRJNA779106,feces metagenome,other,8.030303030303031,198
1756,PRJNA904419,gut metagenome,other,8.0,1
243,PRJEB66439,synthetic metagenome,other,8.0,1
404,PRJNA1082298,Enterobacter asburiae,other,8.0,1
1475,PRJNA739473,wastewater metagenome,other,8.0,1
91,PRJEB29943,wastewater metagenome,other,8.0,1
1141,PRJNA594186,activated sludge metagenome,other,8.0,1
28,PRJEB14814,metagenome,other,7.9,20
1263,PRJNA635116,gut metagenome,other,7.84,25
174,PRJEB42464,feces metagenome,other,7.75,4
543,PRJNA292471,bovine metagenome,other,7.711111111111111,45
1338,PRJNA661048,gut metagenome,other,7.5625,16
1328,PRJNA656110,wastewater metagenome,other,7.466666666666667,15
530,PRJNA259274,gut metagenome,other,7.119658119658119,234
1608,PRJNA816841,metagenome,other,7.038461538461538,26
603,PRJNA340484,gut metagenome,other,7.0,1
1640,PRJNA842493,metagenome,other,7.0,2
39,PRJEB18687,gut metagenome,other,7.0,6
460,PRJNA1132301,anaerobic digester metagenome,other,7.0,1
1880,PRJNA990354,metagenome,other,7.0,1
1839,PRJNA956112,feces metagenome,other,7.0,2
233,PRJEB62878,metagenome,other,6.950617283950617,81
376,PRJNA1044412,compost metagenome,other,6.928571428571429,28
72,PRJEB26788,air metagenome,other,6.833333333333333,6
964,PRJNA507739,metagenome,other,6.75,4
1569,PRJNA785940,bovine metagenome,other,6.75,12
1808,PRJNA942078,wastewater metagenome,other,6.666666666666667,3
43,PRJEB20456,metagenome,other,6.555555555555555,9
960,PRJNA505617,wastewater metagenome,other,6.5,2
787,PRJNA379303,terrestrial metagenome,other,6.267857142857143,56
1102,PRJNA546004,gut metagenome,other,6.2592592592592595,27
1396,PRJNA691978,feces metagenome,other,6.214285714285714,14
22,PRJEB13833,metagenome,other,6.2,30
605,PRJNA340486,gut metagenome,other,6.0,1
1343,PRJNA663717,metagenome,other,6.0,1
965,PRJNA509142,viral metagenome,other,6.0,4
1125,PRJNA573416,gut metagenome,other,6.0,1
1618,PRJNA823908,seawater metagenome,other,6.0,3
156,PRJEB40815,wastewater metagenome,other,5.880341880341881,117
918,PRJNA471730,gut metagenome,other,5.875,8
1619,PRJNA824007,compost metagenome,other,5.866666666666666,15
1544,PRJNA770854,wastewater metagenome,other,5.857142857142857,7
1687,PRJNA862690,wastewater metagenome,other,5.75,4
501,PRJNA1169396,metagenomes,other,5.666666666666667,3
1096,PRJNA541010,gut metagenome,other,5.666666666666667,24
1895,PRJNA999635,metagenome,other,5.64021164021164,189
1175,PRJNA612291,gut metagenome,other,5.6,35
854,PRJNA423296,wastewater metagenome,other,5.571428571428571,7
155,PRJEB40798,wastewater metagenome,other,5.556521739130435,115
410,PRJNA1086649,wastewater metagenome,other,5.5,4
1581,PRJNA796130,wastewater metagenome,other,5.5,2
480,PRJNA1151034,wastewater metagenome,other,5.5,2
1149,PRJNA60251,bovine gut metagenome,other,5.5,2
538,PRJNA289616,wastewater metagenome,other,5.5,2
1488,PRJNA750063,gut metagenome,other,5.486486486486487,37
1605,PRJNA813705,metagenome,other,5.428571428571429,28
958,PRJNA504891,gut metagenome,other,5.428571428571429,42
224,PRJEB58441,feces metagenome,other,5.352490421455939,522
76,PRJEB27621,wastewater metagenome,other,5.335714285714285,140
200,PRJEB47975,metagenome,other,5.260869565217392,23
112,PRJEB34410,wastewater metagenome,other,5.25,8
399,PRJNA1073035,aquatic metagenome,other,5.25,8
996,PRJNA524094,wastewater metagenome,other,5.195652173913044,46
1602,PRJNA812772,wastewater metagenome,other,5.166666666666667,6
14,PRJEB12083,metagenome,other,5.142857142857143,7
1329,PRJNA656389,gut metagenome,other,5.093333333333334,75
1867,PRJNA982563,dust metagenome,other,5.0576923076923075,52
484,PRJNA1153624,bovine gut metagenome,other,5.023255813953488,43
1540,PRJNA768593,bioreactor sludge metagenome,other,5.0,1
524,PRJNA226634,activated sludge metagenome,other,5.0,1
844,PRJNA417500,viral metagenome,other,5.0,2
1337,PRJNA661048,Pan troglodytes,other,5.0,1
520,PRJNA203445,food metagenome,other,5.0,1
928,PRJNA481090,marine sediment metagenome,other,5.0,1
842,PRJNA415974,wastewater metagenome,other,4.918918918918919,37
417,PRJNA1092107,feces metagenome,other,4.666666666666667,6
1113,PRJNA563872,bovine metagenome,other,4.588235294117647,34
1679,PRJNA860652,Equus asinus,other,4.583333333333333,12
529,PRJNA244282,wastewater metagenome,other,4.5,2
1758,PRJNA905731,Anaerostipes hadrus,other,4.5,2
1456,PRJNA729051,gut metagenome,other,4.428571428571429,14
1453,PRJNA728386,wastewater metagenome,other,4.333333333333333,3
1469,PRJNA737178,metagenome,other,4.333333333333333,3
206,PRJEB49339,metagenome,other,4.333333333333333,3
1699,PRJNA874490,wastewater metagenome,other,4.333333333333333,6
419,PRJNA1092791,gut metagenome,other,4.291666666666667,24
1239,PRJNA624319,wastewater metagenome,other,4.2,10
1407,PRJNA693982,wastewater metagenome,other,4.2,5
246,PRJEB70508,metagenome,other,4.1875,144
205,PRJEB49260,wastewater metagenome,other,4.181818181818182,55
232,PRJEB62817,metagenome,other,4.03954802259887,177
508,PRJNA1174817,bioreactor metagenome,other,4.0,1
1,PRJDB11069,marine metagenome,other,4.0,1
443,PRJNA1117790,plant metagenome,other,4.0,1
1816,PRJNA945245,activated sludge metagenome,other,4.0,2
271,PRJNA1008123,biofilm metagenome,other,4.0,2
1717,PRJNA888038,freshwater metagenome,other,4.0,1
949,PRJNA502469,sheep gut metagenome,other,4.0,1
1361,PRJNA675130,marine metagenome,other,4.0,1
606,PRJNA340487,gut metagenome,other,4.0,1
1875,PRJNA985273,sludge metagenome,other,4.0,1
285,PRJNA1019966,biofloc metagenome,other,4.0,1
77,PRJEB27622,wastewater metagenome,other,4.0,2
351,PRJNA1029203,wastewater metagenome,other,4.0,1
1689,PRJNA863608,sludge metagenome,other,4.0,1
602,PRJNA340483,gut metagenome,other,4.0,1
604,PRJNA340485,gut metagenome,other,4.0,1
617,PRJNA345227,gut metagenome,other,4.0,2
790,PRJNA385554,insect metagenome,other,4.0,1
1314,PRJNA654317,bovine gut metagenome,other,4.0,1
1578,PRJNA793053,freshwater metagenome,other,4.0,1
1593,PRJNA807808,metagenome,other,4.0,3
397,PRJNA1071982,wastewater metagenome,other,3.9827586206896552,58
213,PRJEB51229,wastewater metagenome,other,3.961038961038961,77
1512,PRJNA763692,feces metagenome,other,3.923344947735192,287
88,PRJEB29323,gut metagenome,other,3.9,10
1516,PRJNA768409,metagenome,other,3.857142857142857,49
498,PRJNA1167935,gut metagenome,other,3.857142857142857,7
74,PRJEB27054,wastewater metagenome,other,3.8290598290598292,117
291,PRJNA1025926,metagenome,other,3.8181818181818183,11
933,PRJNA484080,wastewater metagenome,other,3.8,5
21,PRJEB13831,wastewater metagenome,other,3.792307692307692,130
366,PRJNA1035800,metagenome,other,3.7777777777777777,27
1000,PRJNA526405,synthetic metagenome,other,3.75,4
157,PRJEB40816,wastewater metagenome,other,3.7475728155339807,103
1609,PRJNA818062,feces metagenome,other,3.72972972972973,37
920,PRJNA472181,soil metagenome,other,3.6666666666666665,3
1590,PRJNA803065,gut metagenome,other,3.6666666666666665,3
1589,PRJNA801794,wastewater metagenome,other,3.5454545454545454,11
1887,PRJNA995885,gut metagenome,other,3.5063291139240507,79
83,PRJEB28815,metagenome,other,3.5,20
1889,PRJNA997718,gut metagenome,other,3.5,4
183,PRJEB44766,metagenome,other,3.5,8
1765,PRJNA910923,gut metagenome,other,3.5,2
961,PRJNA506137,metagenome,other,3.5,4
1580,PRJNA793838,metagenome,other,3.5,4
1002,PRJNA526822,gut metagenome,other,3.4545454545454546,11
1402,PRJNA692830,feces metagenome,other,3.4285714285714284,21
1715,PRJNA885137,metagenome,other,3.4285714285714284,42
1604,PRJNA813004,feces metagenome,other,3.4285714285714284,7
1802,PRJNA939026,metagenome,other,3.423076923076923,26
803,PRJNA396591,anaerobic digester metagenome,other,3.4,5
1382,PRJNA686265,metagenome,other,3.383211678832117,274
859,PRJNA430956,gut metagenome,other,3.375,8
550,PRJNA303107,gut metagenome,other,3.375,8
1491,PRJNA750571,metagenome,other,3.3333333333333335,15
1541,PRJNA769489,gut metagenome,other,3.3333333333333335,18
1358,PRJNA672704,wastewater metagenome,other,3.3333333333333335,6
1244,PRJNA626477,gut metagenome,other,3.3333333333333335,24
50,PRJEB21793,gut metagenome,other,3.3333333333333335,9
853,PRJNA421881,gut metagenome,other,3.3076923076923075,65
187,PRJEB45815,metagenome,other,3.2857142857142856,49
1399,PRJNA692042,metagenome,other,3.235294117647059,153
1449,PRJNA727667,gut metagenome,other,3.2,10
46,PRJEB21166,metagenome,other,3.1666666666666665,12
940,PRJNA491335,feces metagenome,other,3.152941176470588,170
359,PRJNA1031342,aquatic metagenome,other,3.142857142857143,7
934,PRJNA485056,gut metagenome,other,3.101123595505618,89
1363,PRJNA675192,wastewater metagenome,other,3.090909090909091,11
144,PRJEB39223,gut metagenome,other,3.078391959798995,995
1685,PRJNA862077,gut metagenome,other,3.074468085106383,94
476,PRJNA1148078,gut metagenome,other,3.0737704918032787,122
1777,PRJNA919165,sediment metagenome,other,3.066666666666667,15
802,PRJNA393237,feces metagenome,other,3.0392156862745097,51
1048,PRJNA539582,peat metagenome,other,3.0,1
1049,PRJNA539583,rhizosphere metagenome,other,3.0,1
1051,PRJNA539585,rhizosphere metagenome,other,3.0,1
1052,PRJNA539586,rhizosphere metagenome,other,3.0,1
731,PRJNA367159,rhizosphere metagenome,other,3.0,1
732,PRJNA367160,rhizosphere metagenome,other,3.0,1
733,PRJNA367161,rhizosphere metagenome,other,3.0,1
734,PRJNA367162,rhizosphere metagenome,other,3.0,1
1673,PRJNA858822,gut metagenome,other,3.0,1
741,PRJNA374886,soil metagenome,other,3.0,7
712,PRJNA366014,soil metagenome,other,3.0,1
714,PRJNA366147,rhizosphere metagenome,other,3.0,1
715,PRJNA366148,rhizosphere metagenome,other,3.0,1
716,PRJNA366149,rhizosphere metagenome,other,3.0,1
717,PRJNA366151,rhizosphere metagenome,other,3.0,1
718,PRJNA366152,rhizosphere metagenome,other,3.0,1
735,PRJNA367163,rhizosphere metagenome,other,3.0,1
706,PRJNA365885,soil metagenome,other,3.0,1
707,PRJNA365886,soil metagenome,other,3.0,1
708,PRJNA365982,rhizosphere metagenome,other,3.0,1
709,PRJNA365983,rhizosphere metagenome,other,3.0,1
1515,PRJNA768333,African swine fever virus,other,3.0,6
683,PRJNA365521,rhizosphere metagenome,other,3.0,1
684,PRJNA365522,rhizosphere metagenome,other,3.0,1
720,PRJNA366179,rhizosphere metagenome,other,3.0,1
1670,PRJNA857474,metagenome,other,3.0,1
727,PRJNA367153,rhizosphere metagenome,other,3.0,2
1499,PRJNA756367,wetland metagenome,other,3.0,8
1509,PRJNA763043,estuary metagenome,other,3.0,1
1053,PRJNA539587,rhizosphere metagenome,other,3.0,1
536,PRJNA278090,root metagenome,other,3.0,4
55,PRJEB22775,metagenome,other,3.0,2
1668,PRJNA856821,feces metagenome,other,3.0,1
517,PRJNA176929,freshwater metagenome,other,3.0,1
1714,PRJNA884830,feces metagenome,other,3.0,1
726,PRJNA367152,rhizosphere metagenome,other,3.0,1
1039,PRJNA539173,peat metagenome,other,3.0,1
267,PRJNA1006511,soil metagenome,other,3.0,5
985,PRJNA518545,peat metagenome,other,3.0,1
987,PRJNA518672,soil metagenome,other,3.0,1
988,PRJNA518695,soil metagenome,other,3.0,1
989,PRJNA518696,soil metagenome,other,3.0,1
991,PRJNA520979,soil metagenome,other,3.0,2
993,PRJNA521032,soil metagenome,other,3.0,1
719,PRJNA366153,rhizosphere metagenome,other,3.0,1
957,PRJNA502607,bovine gut metagenome,other,3.0,1
973,PRJNA518255,rhizosphere metagenome,other,3.0,1
974,PRJNA518256,rhizosphere metagenome,other,3.0,1
975,PRJNA518286,soil metagenome,other,3.0,1
765,PRJNA375579,rhizosphere metagenome,other,3.0,1
769,PRJNA375644,freshwater metagenome,other,3.0,1
464,PRJNA1134639,metagenome,other,3.0,1
434,PRJNA1112840,soil metagenome,other,3.0,1
442,PRJNA1117088,fertilizer metagenome,other,3.0,1
956,PRJNA502507,soil metagenome,other,3.0,1
756,PRJNA375570,rhizosphere metagenome,other,3.0,1
757,PRJNA375571,rhizosphere metagenome,other,3.0,1
758,PRJNA375572,rhizosphere metagenome,other,3.0,1
759,PRJNA375573,rhizosphere metagenome,other,3.0,1
1477,PRJNA741280,soil metagenome,other,3.0,1
1482,PRJNA746083,estuary metagenome,other,3.0,2
1487,PRJNA749371,soil metagenome,other,3.0,6
729,PRJNA367157,rhizosphere metagenome,other,3.0,1
984,PRJNA518544,peat metagenome,other,3.0,1
1038,PRJNA539172,soil metagenome,other,3.0,1
273,PRJNA1008138,gut metagenome,other,3.0,55
1692,PRJNA866654,gut metagenome,other,3.0,4
1693,PRJNA868779,soil metagenome,other,3.0,1
1062,PRJNA539597,soil metagenome,other,3.0,1
1063,PRJNA539624,soil metagenome,other,3.0,1
1064,PRJNA539625,soil metagenome,other,3.0,1
1065,PRJNA539626,soil metagenome,other,3.0,1
1066,PRJNA539627,soil metagenome,other,3.0,1
1069,PRJNA539638,sheep gut metagenome,other,3.0,2
272,PRJNA1008123,wastewater metagenome,other,3.0,3
315,PRJNA1029093,soil metagenome,other,3.0,1
1356,PRJNA670906,sediment metagenome,other,3.0,2
31,PRJEB15294,metagenome,other,3.0,2
1174,PRJNA610704,bog metagenome,other,3.0,1
299,PRJNA1029067,soil metagenome,other,3.0,1
300,PRJNA1029068,soil metagenome,other,3.0,1
301,PRJNA1029069,soil metagenome,other,3.0,1
302,PRJNA1029076,soil metagenome,other,3.0,1
703,PRJNA365685,soil metagenome,other,3.0,1
577,PRJNA330111,soil metagenome,other,3.0,1
579,PRJNA330321,soil metagenome,other,3.0,1
645,PRJNA364918,soil metagenome,other,3.0,1
1014,PRJNA531764,wetland metagenome,other,3.0,1
1290,PRJNA650885,wetland metagenome,other,3.0,1
981,PRJNA518411,soil metagenome,other,3.0,1
657,PRJNA365495,rhizosphere metagenome,other,3.0,1
661,PRJNA365499,rhizosphere metagenome,other,3.0,1
1536,PRJNA768578,bioreactor sludge metagenome,other,3.0,1
303,PRJNA1029077,soil metagenome,other,3.0,1
319,PRJNA1029101,soil metagenome,other,3.0,1
295,PRJNA1028847,mangrove metagenome,other,3.0,8
298,PRJNA1029066,soil metagenome,other,3.0,1
324,PRJNA1029115,soil metagenome,other,3.0,1
325,PRJNA1029116,soil metagenome,other,3.0,1
327,PRJNA1029119,soil metagenome,other,3.0,1
329,PRJNA1029123,soil metagenome,other,3.0,1
1316,PRJNA654762,soil metagenome,other,3.0,1
314,PRJNA1029090,soil metagenome,other,3.0,1
1318,PRJNA654766,soil metagenome,other,3.0,1
1319,PRJNA654767,soil metagenome,other,3.0,1
1322,PRJNA654770,soil metagenome,other,3.0,1
1323,PRJNA654771,soil metagenome,other,3.0,1
217,PRJEB52550,metagenome,other,3.0,1
580,PRJNA330322,soil metagenome,other,3.0,1
1583,PRJNA797241,peat metagenome,other,3.0,1
1123,PRJNA571617,soil metagenome,other,3.0,1
313,PRJNA1029087,soil metagenome,other,3.0,1
1317,PRJNA654765,soil metagenome,other,3.0,1
562,PRJNA320198,soil metagenome,other,3.0,1
654,PRJNA365492,rhizosphere metagenome,other,3.0,1
655,PRJNA365493,rhizosphere metagenome,other,3.0,1
656,PRJNA365494,rhizosphere metagenome,other,3.0,1
685,PRJNA365523,rhizosphere metagenome,other,3.0,1
687,PRJNA365525,rhizosphere metagenome,other,3.0,1
688,PRJNA365526,rhizosphere metagenome,other,3.0,1
691,PRJNA365529,rhizosphere metagenome,other,3.0,1
75,PRJEB27088,sediment metagenome,other,3.0,1
666,PRJNA365504,rhizosphere metagenome,other,3.0,1
667,PRJNA365505,rhizosphere metagenome,other,3.0,1
668,PRJNA365506,rhizosphere metagenome,other,3.0,1
1034,PRJNA539167,bovine gut metagenome,other,3.0,1
669,PRJNA365507,rhizosphere metagenome,other,3.0,1
670,PRJNA365508,rhizosphere metagenome,other,3.0,1
672,PRJNA365510,rhizosphere metagenome,other,3.0,1
699,PRJNA365537,rhizosphere metagenome,other,3.0,1
701,PRJNA365638,freshwater metagenome,other,3.0,1
665,PRJNA365503,rhizosphere metagenome,other,3.0,1
587,PRJNA330343,rhizosphere metagenome,other,3.0,1
588,PRJNA330344,rhizosphere metagenome,other,3.0,1
589,PRJNA330345,rhizosphere metagenome,other,3.0,1
590,PRJNA330346,rhizosphere metagenome,other,3.0,1
591,PRJNA330347,rhizosphere metagenome,other,3.0,1
1018,PRJNA531768,wetland metagenome,other,3.0,1
674,PRJNA365512,rhizosphere metagenome,other,3.0,1
675,PRJNA365513,rhizosphere metagenome,other,3.0,1
676,PRJNA365514,rhizosphere metagenome,other,3.0,1
1037,PRJNA539170,bovine gut metagenome,other,3.0,1
678,PRJNA365516,rhizosphere metagenome,other,3.0,1
679,PRJNA365517,rhizosphere metagenome,other,3.0,1
648,PRJNA365414,rhizosphere metagenome,other,3.0,1
649,PRJNA365487,rhizosphere metagenome,other,3.0,1
650,PRJNA365488,rhizosphere metagenome,other,3.0,1
651,PRJNA365489,rhizosphere metagenome,other,3.0,1
652,PRJNA365490,rhizosphere metagenome,other,3.0,1
1035,PRJNA539168,bovine gut metagenome,other,3.0,1
1036,PRJNA539169,bovine gut metagenome,other,3.0,1
677,PRJNA365515,rhizosphere metagenome,other,3.0,1
954,PRJNA502505,soil metagenome,other,3.0,1
898,PRJNA444974,soil metagenome,other,3.0,1
899,PRJNA444975,soil metagenome,other,3.0,1
900,PRJNA444976,soil metagenome,other,3.0,1
901,PRJNA444977,soil metagenome,other,3.0,1
902,PRJNA444978,soil metagenome,other,3.0,1
1372,PRJNA681475,soil metagenome,other,3.0,1
1375,PRJNA682610,metagenome,other,3.0,1
1060,PRJNA539595,soil metagenome,other,3.0,1
350,PRJNA1029202,wastewater metagenome,other,3.0,1
1830,PRJNA950101,seawater metagenome,other,3.0,2
1845,PRJNA966095,metagenome,other,3.0,1
322,PRJNA1029109,soil metagenome,other,3.0,1
323,PRJNA1029114,soil metagenome,other,3.0,1
338,PRJNA1029135,soil metagenome,other,3.0,1
341,PRJNA1029142,soil metagenome,other,3.0,1
342,PRJNA1029144,soil metagenome,other,3.0,1
330,PRJNA1029124,soil metagenome,other,3.0,1
134,PRJEB37845,seagrass metagenome,other,3.0,1
1200,PRJNA620684,soil metagenome,other,3.0,1
1104,PRJNA552582,glacier metagenome,other,3.0,2
1117,PRJNA566978,soil metagenome,other,3.0,1
1119,PRJNA566980,soil metagenome,other,3.0,1
1214,PRJNA620815,soil metagenome,other,3.0,1
1215,PRJNA620818,soil metagenome,other,3.0,1
874,PRJNA444382,rhizosphere metagenome,other,3.0,1
876,PRJNA444385,rhizosphere metagenome,other,3.0,1
1199,PRJNA620683,soil metagenome,other,3.0,1
879,PRJNA444392,rhizosphere metagenome,other,3.0,1
881,PRJNA444435,soil metagenome,other,3.0,1
882,PRJNA444436,soil metagenome,other,3.0,1
1132,PRJNA578765,mouse gut metagenome,other,3.0,2
1133,PRJNA587584,synthetic metagenome,other,3.0,1
1195,PRJNA620652,soil metagenome,other,3.0,1
1196,PRJNA620656,soil metagenome,other,3.0,1
1197,PRJNA620681,soil metagenome,other,3.0,1
1198,PRJNA620682,soil metagenome,other,3.0,1
878,PRJNA444387,rhizosphere metagenome,other,3.0,1
317,PRJNA1029096,soil metagenome,other,3.0,1
593,PRJNA330353,rhizosphere metagenome,other,3.0,1
594,PRJNA330354,rhizosphere metagenome,other,3.0,1
595,PRJNA330355,rhizosphere metagenome,other,3.0,1
1021,PRJNA531771,wetland metagenome,other,3.0,1
1592,PRJNA803959,activated sludge metagenome,other,3.0,1
597,PRJNA330361,rhizosphere metagenome,other,3.0,1
599,PRJNA336798,rhizosphere metagenome,other,3.0,1
331,PRJNA1029126,soil metagenome,other,3.0,1
638,PRJNA364911,soil metagenome,other,3.0,1
639,PRJNA364912,soil metagenome,other,3.0,1
641,PRJNA364914,soil metagenome,other,3.0,1
642,PRJNA364915,soil metagenome,other,3.0,1
643,PRJNA364916,soil metagenome,other,3.0,1
644,PRJNA364917,soil metagenome,other,3.0,1
916,PRJNA469173,bovine gut metagenome,other,3.0,1
304,PRJNA1029078,soil metagenome,other,3.0,1
1850,PRJNA972044,soil metagenome,other,3.0,1
637,PRJNA364908,soil metagenome,other,3.0,1
332,PRJNA1029127,soil metagenome,other,3.0,1
333,PRJNA1029128,soil metagenome,other,3.0,1
335,PRJNA1029130,soil metagenome,other,3.0,1
305,PRJNA1029079,soil metagenome,other,3.0,1
306,PRJNA1029080,soil metagenome,other,3.0,1
307,PRJNA1029081,soil metagenome,other,3.0,1
309,PRJNA1029083,soil metagenome,other,3.0,1
311,PRJNA1029085,soil metagenome,other,3.0,1
897,PRJNA444973,soil metagenome,other,3.0,1
346,PRJNA1029149,soil metagenome,other,3.0,1
348,PRJNA1029151,soil metagenome,other,3.0,1
903,PRJNA444979,soil metagenome,other,3.0,1
904,PRJNA444980,soil metagenome,other,3.0,1
907,PRJNA449022,mixed culture metagenome,other,3.0,1
909,PRJNA449266,soil metagenome,other,3.0,1
910,PRJNA450295,root metagenome,other,3.0,42
893,PRJNA444969,soil metagenome,other,3.0,1
894,PRJNA444970,soil metagenome,other,3.0,1
343,PRJNA1029145,soil metagenome,other,3.0,1
751,PRJNA375565,rhizosphere metagenome,other,3.0,1
753,PRJNA375567,rhizosphere metagenome,other,3.0,1
754,PRJNA375568,rhizosphere metagenome,other,3.0,1
755,PRJNA375569,rhizosphere metagenome,other,3.0,1
780,PRJNA375672,rhizosphere metagenome,other,3.0,1
760,PRJNA375574,rhizosphere metagenome,other,3.0,1
761,PRJNA375575,rhizosphere metagenome,other,3.0,1
763,PRJNA375577,rhizosphere metagenome,other,3.0,1
835,PRJNA406041,soil metagenome,other,3.0,1
796,PRJNA388572,food fermentation metagenome,other,3.0,1
121,PRJEB35612,soil metagenome,other,3.0,3
776,PRJNA375665,rhizosphere metagenome,other,3.0,1
976,PRJNA518287,soil metagenome,other,3.0,1
1228,PRJNA621347,rhizosphere metagenome,other,3.0,1
1071,PRJNA539640,soil metagenome,other,3.0,1
1298,PRJNA651860,soil metagenome,other,3.0,1
1299,PRJNA651861,soil metagenome,other,3.0,1
1300,PRJNA651862,soil metagenome,other,3.0,1
764,PRJNA375578,rhizosphere metagenome,other,3.0,1
1192,PRJNA620643,soil metagenome,other,3.0,1
1061,PRJNA539596,soil metagenome,other,3.0,1
1075,PRJNA539695,soil metagenome,other,3.0,1
1076,PRJNA539696,soil metagenome,other,3.0,1
1078,PRJNA539706,soil metagenome,other,3.0,1
1079,PRJNA539707,soil metagenome,other,3.0,1
1081,PRJNA539709,soil metagenome,other,3.0,1
1082,PRJNA539711,soil metagenome,other,3.0,1
750,PRJNA375564,rhizosphere metagenome,other,3.0,1
1055,PRJNA539589,rhizosphere metagenome,other,3.0,1
1057,PRJNA539591,rhizosphere metagenome,other,3.0,1
1058,PRJNA539592,rhizosphere metagenome,other,3.0,1
1059,PRJNA539594,soil metagenome,other,3.0,1
452,PRJNA1126017,rhizosphere metagenome,other,3.0,2
454,PRJNA1128034,soil metagenome,other,3.0,3
773,PRJNA375662,rhizosphere metagenome,other,3.0,1
775,PRJNA375664,rhizosphere metagenome,other,3.0,1
749,PRJNA375563,rhizosphere metagenome,other,3.0,1
1054,PRJNA539588,rhizosphere metagenome,other,3.0,1
1217,PRJNA620820,soil metagenome,other,3.0,1
1218,PRJNA620821,soil metagenome,other,3.0,1
1219,PRJNA620822,soil metagenome,other,3.0,1
1220,PRJNA620823,soil metagenome,other,3.0,1
1224,PRJNA620827,soil metagenome,other,3.0,1
1225,PRJNA620828,soil metagenome,other,3.0,1
1088,PRJNA539717,soil metagenome,other,3.0,1
284,PRJNA1019966,biocathode metagenome,other,3.0,1
1301,PRJNA653779,soil metagenome,other,3.0,1
836,PRJNA406042,soil metagenome,other,3.0,1
838,PRJNA406044,soil metagenome,other,3.0,1
839,PRJNA406045,soil metagenome,other,3.0,1
1391,PRJNA690107,sediment metagenome,other,3.0,1
1406,PRJNA693982,sludge metagenome,other,3.0,2
819,PRJNA405211,soil metagenome,other,3.0,1
822,PRJNA405458,rhizosphere metagenome,other,3.0,1
833,PRJNA406039,soil metagenome,other,3.0,1
834,PRJNA406040,soil metagenome,other,3.0,1
1416,PRJNA702231,gut metagenome,other,3.0,20
1302,PRJNA653780,soil metagenome,other,3.0,1
1303,PRJNA653781,soil metagenome,other,3.0,1
1304,PRJNA653782,soil metagenome,other,3.0,1
1305,PRJNA654191,sediment metagenome,other,3.0,1
1308,PRJNA654222,sediment metagenome,other,3.0,1
808,PRJNA404202,soil metagenome,other,3.0,1
1780,PRJNA923741,metagenome,other,3.0,1
1090,PRJNA539719,soil metagenome,other,3.0,1
1216,PRJNA620819,soil metagenome,other,3.0,1
1093,PRJNA539722,soil metagenome,other,3.0,1
1432,PRJNA718849,soil metagenome,other,3.0,2
823,PRJNA405459,rhizosphere metagenome,other,3.0,1
824,PRJNA405461,rhizosphere metagenome,other,3.0,1
825,PRJNA405464,rhizosphere metagenome,other,3.0,1
826,PRJNA405465,rhizosphere metagenome,other,3.0,1
828,PRJNA405528,soil metagenome,other,3.0,1
830,PRJNA406024,rhizosphere metagenome,other,3.0,1
832,PRJNA406038,soil metagenome,other,3.0,1
1092,PRJNA539721,soil metagenome,other,3.0,1
92,PRJEB30834,feces metagenome,other,2.965065502183406,229
453,PRJNA1128034,rhizosphere metagenome,other,2.95,20
1643,PRJNA843354,bovine gut metagenome,other,2.933333333333333,30
66,PRJEB25514,gut metagenome,other,2.9310344827586206,29
465,PRJNA1135155,metagenome,other,2.9310344827586206,29
527,PRJNA237795,gut metagenome,other,2.9285714285714284,14
1719,PRJNA890008,metagenome,other,2.9278350515463916,97
450,PRJNA1125628,rhizosphere metagenome,other,2.923076923076923,13
1757,PRJNA904924,gut metagenome,other,2.9174311926605503,109
30,PRJEB15179,metagenome,other,2.887323943661972,142
170,PRJEB41866,metagenome,other,2.8666666666666667,15
572,PRJNA330069,soil metagenome,other,2.857142857142857,14
1807,PRJNA941376,gut metagenome,other,2.857142857142857,7
38,PRJEB18265,metagenome,other,2.8333333333333335,6
239,PRJEB6542,metagenome,other,2.8333333333333335,6
432,PRJNA1109856,soil metagenome,other,2.8333333333333335,12
390,PRJNA1065277,feces metagenome,other,2.8333333333333335,18
930,PRJNA482680,wastewater metagenome,other,2.8333333333333335,6
1261,PRJNA634666,metagenome,other,2.8174603174603177,126
789,PRJNA385215,feces metagenome,other,2.8125,16
173,PRJEB42363,gut metagenome,other,2.811320754716981,106
1594,PRJNA808646,marine sediment metagenome,other,2.8,5
269,PRJNA1007388,wetland metagenome,other,2.8,15
502,PRJNA1173490,mangrove metagenome,other,2.8,5
1105,PRJNA552615,soil metagenome,other,2.8,5
1095,PRJNA539933,feces metagenome,other,2.7850467289719627,107
1576,PRJNA792726,Severe acute respiratory syndrome coronavirus 2,other,2.7777777777777777,9
203,PRJEB48897,metagenome,other,2.765957446808511,47
634,PRJNA362960,wetland metagenome,other,2.75,4
1598,PRJNA810575,metagenome,other,2.75,24
486,PRJNA1160072,metagenome,other,2.75,16
970,PRJNA514108,gut metagenome,other,2.735294117647059,34
103,PRJEB33013,gut metagenome,other,2.7254901960784315,51
447,PRJNA1121201,bioreactor metagenome,other,2.7142857142857144,7
1621,PRJNA824338,gut metagenome,other,2.7142857142857144,7
27,PRJEB14155,metagenome,other,2.71,100
1134,PRJNA588263,gut metagenome,other,2.7,10
574,PRJNA330082,soil metagenome,other,2.6923076923076925,13
65,PRJEB25210,gut metagenome,other,2.6842105263157894,19
1411,PRJNA698459,metagenome,other,2.6818181818181817,44
194,PRJEB47445,metagenome,other,2.6666666666666665,24
172,PRJEB42267,permafrost metagenome,other,2.6666666666666665,3
1151,PRJNA604466,metagenome,other,2.6666666666666665,3
1710,PRJNA880709,rat gut metagenome,other,2.6666666666666665,3
1008,PRJNA529230,feces metagenome,other,2.6666666666666665,6
1345,PRJNA664514,soil metagenome,other,2.6666666666666665,3
1633,PRJNA835516,gut metagenome,other,2.6530612244897958,49
1841,PRJNA956982,bovine gut metagenome,other,2.6470588235294117,17
253,PRJEB9357,Felis catus,other,2.632183908045977,87
1514,PRJNA768298,gut metagenome,other,2.625,24
115,PRJEB34633,wastewater metagenome,other,2.6041666666666665,144
519,PRJNA202380,gut metagenome,other,2.6,20
532,PRJNA264280,wastewater metagenome,other,2.6,5
1249,PRJNA629478,activated sludge metagenome,other,2.6,5
1577,PRJNA792913,soil metagenome,other,2.6,5
1789,PRJNA931814,gut metagenome,other,2.5918367346938775,49
199,PRJEB47746,metagenome,other,2.5714285714285716,7
71,PRJEB26531,metagenome,other,2.5714285714285716,21
1484,PRJNA748109,chicken gut metagenome,other,2.5555555555555554,9
1542,PRJNA769968,feces metagenome,other,2.5542857142857143,175
548,PRJNA300541,wastewater metagenome,other,2.5478260869565217,230
266,PRJNA1006089,feces metagenome,other,2.5348837209302326,86
428,PRJNA1103961,Equus asinus,other,2.533333333333333,15
516,PRJNA1184454,Streptococcaceae,other,2.533333333333333,15
171,PRJEB42019,gut metagenome,other,2.5277777777777777,36
1646,PRJNA844237,upper respiratory tract metagenome,other,2.5,2
168,PRJEB41762,soil metagenome,other,2.5,2
175,PRJEB42466,metagenome,other,2.5,2
412,PRJNA1087526,Bacillota,other,2.5,4
1413,PRJNA699054,groundwater metagenome,other,2.5,10
1073,PRJNA539663,bovine gut metagenome,other,2.5,2
1346,PRJNA666025,mine drainage metagenome,other,2.5,2
914,PRJNA464847,freshwater metagenome,other,2.5,2
1124,PRJNA571625,bovine gut metagenome,other,2.5,2
1381,PRJNA685797,metagenome,other,2.4790874524714828,263
1716,PRJNA886719,metagenome,other,2.473684210526316,19
1273,PRJNA644666,gut metagenome,other,2.466666666666667,75
409,PRJNA1086048,mouse gut metagenome,other,2.466666666666667,15
1886,PRJNA995807,metagenome,other,2.4471544715447155,123
1822,PRJNA947193,feces metagenome,other,2.4444444444444446,18
1497,PRJNA755324,metagenome,other,2.4220183486238533,109
1869,PRJNA982563,skin metagenome,other,2.4210526315789473,19
841,PRJNA412411,gut metagenome,other,2.4210526315789473,133
1555,PRJNA779554,soil metagenome,other,2.413793103448276,29
1431,PRJNA718160,gut metagenome,other,2.409090909090909,22
429,PRJNA1104421,metagenome,other,2.4,5
105,PRJEB33194,metagenome,other,2.4,25
1813,PRJNA944095,metagenome,other,2.4,5
258,PRJNA1002577,gut metagenome,other,2.3934426229508197,61
1888,PRJNA997075,gut metagenome,other,2.3902439024390243,41
1766,PRJNA911205,metagenome,other,2.3846153846153846,52
34,PRJEB1690,gut metagenome,other,2.3846153846153846,26
176,PRJEB43044,gut metagenome,other,2.38,50
542,PRJNA292297,marine sediment metagenome,other,2.375,8
440,PRJNA1115893,metagenome,other,2.3636363636363638,11
861,PRJNA432958,feces metagenome,other,2.361111111111111,36
427,PRJNA1102991,metagenome,other,2.357142857142857,14
1508,PRJNA762360,gut metagenome,other,2.347826086956522,46
446,PRJNA1119519,wetland metagenome,other,2.3333333333333335,3
1405,PRJNA693684,metagenome,other,2.3333333333333335,3
1260,PRJNA633424,metagenome,other,2.3333333333333335,6
510,PRJNA1176874,gut metagenome,other,2.3333333333333335,6
1146,PRJNA600216,wastewater metagenome,other,2.3333333333333335,3
495,PRJNA1165922,metagenome,other,2.3333333333333335,60
1612,PRJNA820119,gut metagenome,other,2.3009708737864076,206
1351,PRJNA668799,biogas fermenter metagenome,other,2.3,10
1585,PRJNA799478,gut metagenome,other,2.2857142857142856,28
1620,PRJNA824068,metagenome,other,2.2777777777777777,18
1430,PRJNA716780,metagenome,other,2.2545454545454544,110
229,PRJEB60913,wastewater metagenome,other,2.25,4
1596,PRJNA809514,feces metagenome,other,2.25,12
1785,PRJNA928744,metagenome,other,2.2459016393442623,61
1279,PRJNA647523,gut metagenome,other,2.225,40
362,PRJNA1032163,metagenome,other,2.2,5
1006,PRJNA528511,gut metagenome,other,2.183006535947712,306
472,PRJNA1142390,metagenomes,other,2.1818181818181817,22
1009,PRJNA529487,gut metagenome,other,2.176470588235294,17
1281,PRJNA649273,gut metagenome,other,2.159090909090909,44
1786,PRJNA928765,soil metagenome,other,2.142857142857143,7
1559,PRJNA781406,metagenome,other,2.142857142857143,7
1504,PRJNA758898,gut metagenome,other,2.142857142857143,14
1479,PRJNA741822,feces metagenome,other,2.1294117647058823,85
375,PRJNA1042798,bovine metagenome,other,2.125,24
1265,PRJNA637878,gut metagenome,other,2.12,25
403,PRJNA1079906,metagenome,other,2.111111111111111,18
221,PRJEB55125,gut metagenome,other,2.1,10
926,PRJNA478719,metagenome,other,2.1,10
868,PRJNA438436,gut metagenome,other,2.090909090909091,11
865,PRJNA436562,gut metagenome,other,2.076923076923077,13
1666,PRJNA855128,feces metagenome,other,2.0714285714285716,14
78,PRJEB28033,uncultured organism,other,2.0714285714285716,14
1870,PRJNA983076,feces metagenome,other,2.0625,16
1614,PRJNA821237,metagenome,other,2.056603773584906,53
618,PRJNA347511,feces metagenome,other,2.0517241379310347,58
1501,PRJNA757365,metagenome,other,2.0434782608695654,23
801,PRJNA392516,gut metagenome,other,2.0344827586206895,29
297,PRJNA1029065,soil metagenome,other,2.0,1
578,PRJNA330155,soil metagenome,other,2.0,1
1181,PRJNA620615,soil metagenome,other,2.0,1
1183,PRJNA620620,soil metagenome,other,2.0,1
318,PRJNA1029100,soil metagenome,other,2.0,1
1313,PRJNA654316,bovine gut metagenome,other,2.0,1
1312,PRJNA654315,bovine gut metagenome,other,2.0,1
1311,PRJNA654276,freshwater metagenome,other,2.0,1
1185,PRJNA620623,soil metagenome,other,2.0,1
296,PRJNA1029064,soil metagenome,other,2.0,1
294,PRJNA1028770,feces metagenome,other,2.0,11
320,PRJNA1029106,soil metagenome,other,2.0,1
1315,PRJNA654761,bovine gut metagenome,other,2.0,1
326,PRJNA1029118,soil metagenome,other,2.0,1
730,PRJNA367158,rhizosphere metagenome,other,2.0,1
982,PRJNA518412,soil metagenome,other,2.0,1
983,PRJNA518429,bovine gut metagenome,other,2.0,1
1247,PRJNA629464,Caenorhabditis elegans,other,2.0,1
531,PRJNA262935,sediment metagenome,other,2.0,1
537,PRJNA284867,anaerobic digester metagenome,other,2.0,1
698,PRJNA365536,rhizosphere metagenome,other,2.0,1
713,PRJNA366015,soil metagenome,other,2.0,1
528,PRJNA240141,gut metagenome,other,2.0,1
1045,PRJNA539329,sediment metagenome,other,2.0,1
1044,PRJNA539323,sediment metagenome,other,2.0,1
1040,PRJNA539311,sediment metagenome,other,2.0,1
1068,PRJNA539637,sheep gut metagenome,other,2.0,2
697,PRJNA365535,microbial fuel cell metagenome,other,2.0,1
738,PRJNA368380,soil metagenome,other,2.0,1
736,PRJNA367441,wetland metagenome,other,2.0,1
503,PRJNA1174809,bioreactor metagenome,other,2.0,1
513,PRJNA1177354,metagenome,other,2.0,7
1067,PRJNA539633,seawater metagenome,other,2.0,1
497,PRJNA1165971,soil metagenome,other,2.0,4
694,PRJNA365532,rhizosphere metagenome,other,2.0,1
693,PRJNA365531,rhizosphere metagenome,other,2.0,1
1623,PRJNA824635,wastewater metagenome,other,2.0,1
539,PRJNA290687,hypolithon metagenome,other,2.0,1
696,PRJNA365534,rhizosphere metagenome,other,2.0,1
692,PRJNA365530,rhizosphere metagenome,other,2.0,1
724,PRJNA366591,gut metagenome,other,2.0,1
721,PRJNA366360,wetland metagenome,other,2.0,2
682,PRJNA365520,rhizosphere metagenome,other,2.0,1
710,PRJNA365984,rhizosphere metagenome,other,2.0,1
1050,PRJNA539584,rhizosphere metagenome,other,2.0,1
1688,PRJNA862694,metagenome,other,2.0,6
63,PRJEB24525,microbial mat metagenome,other,2.0,2
1702,PRJNA875377,metagenome,other,2.0,5
263,PRJNA1005211,soil metagenome,other,2.0,11
1056,PRJNA539590,rhizosphere metagenome,other,2.0,1
459,PRJNA1131161,gut metagenome,other,2.0,3
1272,PRJNA644370,sediment metagenome,other,2.0,2
673,PRJNA365511,rhizosphere metagenome,other,2.0,1
636,PRJNA364907,soil metagenome,other,2.0,1
1636,PRJNA838067,wastewater metagenome,other,2.0,1
1634,PRJNA837775,Actinomycetota,other,2.0,4
556,PRJNA311382,biogas fermenter metagenome,other,2.0,1
547,PRJNA299713,mixed culture metagenome,other,2.0,1
458,PRJNA1130704,metagenome,other,2.0,2
768,PRJNA375643,freshwater metagenome,other,2.0,1
766,PRJNA375580,rhizosphere metagenome,other,2.0,1
1046,PRJNA539516,soil metagenome,other,2.0,1
777,PRJNA375667,rhizosphere metagenome,other,2.0,1
1445,PRJNA725409,gut metagenome,other,2.0,12
1881,PRJNA991155,metagenome,other,2.0,7
1877,PRJNA987743,gut metagenome,other,2.0,38
705,PRJNA365736,freshwater metagenome,other,2.0,1
702,PRJNA365673,soil metagenome,other,2.0,1
700,PRJNA365538,rhizosphere metagenome,other,2.0,1
671,PRJNA365509,rhizosphere metagenome,other,2.0,1
1033,PRJNA539065,wetland metagenome,other,2.0,1
56,PRJEB22915,metagenomes,other,2.0,6
1310,PRJNA654224,sediment metagenome,other,2.0,1
1333,PRJNA658184,wastewater metagenome,other,2.0,2
1321,PRJNA654769,soil metagenome,other,2.0,1
1320,PRJNA654768,soil metagenome,other,2.0,1
1892,PRJNA998937,rat gut metagenome,other,2.0,6
1180,PRJNA620482,bovine gut metagenome,other,2.0,1
1070,PRJNA539639,sheep gut metagenome,other,2.0,2
1074,PRJNA539664,bovine gut metagenome,other,2.0,2
1293,PRJNA650888,wetland metagenome,other,2.0,1
455,PRJNA1128851,marine metagenome,other,2.0,1
772,PRJNA375661,rhizosphere metagenome,other,2.0,1
744,PRJNA375195,soil metagenome,other,2.0,1
745,PRJNA375197,soil metagenome,other,2.0,1
752,PRJNA375566,rhizosphere metagenome,other,2.0,1
783,PRJNA375675,freshwater metagenome,other,2.0,1
1457,PRJNA730640,gut metagenome,other,2.0,1
788,PRJNA379884,gut metagenome,other,2.0,12
797,PRJNA388734,wastewater metagenome,other,2.0,8
122,PRJEB35770,lake water metagenome,other,2.0,1
128,PRJEB35881,environmental samples,other,2.0,2
653,PRJNA365491,rhizosphere metagenome,other,2.0,1
575,PRJNA330099,soil metagenome,other,2.0,1
1229,PRJNA621559,soil metagenome,other,2.0,1
1101,PRJNA545600,gut metagenome,other,2.0,1
779,PRJNA375671,rhizosphere metagenome,other,2.0,1
1094,PRJNA539723,soil metagenome,other,2.0,1
431,PRJNA1108008,hot springs metagenome,other,2.0,1
418,PRJNA1092107,wastewater metagenome,other,2.0,2
1778,PRJNA921721,runoff metagenome,other,2.0,1
1091,PRJNA539720,soil metagenome,other,2.0,1
1767,PRJNA913183,feces metagenome,other,2.0,26
1546,PRJNA772288,feces metagenome,other,2.0,1
1232,PRJNA621564,soil metagenome,other,2.0,1
1233,PRJNA621565,soil metagenome,other,2.0,1
662,PRJNA365500,rhizosphere metagenome,other,2.0,1
658,PRJNA365496,rhizosphere metagenome,other,2.0,1
979,PRJNA518409,soil metagenome,other,2.0,1
663,PRJNA365501,rhizosphere metagenome,other,2.0,1
1306,PRJNA654207,sediment metagenome,other,2.0,1
1307,PRJNA654214,sediment metagenome,other,2.0,1
584,PRJNA330332,soil metagenome,other,2.0,1
585,PRJNA330341,rhizosphere metagenome,other,2.0,1
586,PRJNA330342,rhizosphere metagenome,other,2.0,1
67,PRJEB25514,metagenomes,other,2.0,11
1295,PRJNA650891,wetland metagenome,other,2.0,1
1296,PRJNA650892,wetland metagenome,other,2.0,1
1223,PRJNA620826,soil metagenome,other,2.0,1
814,PRJNA404208,soil metagenome,other,2.0,1
812,PRJNA404206,soil metagenome,other,2.0,1
813,PRJNA404207,soil metagenome,other,2.0,1
286,PRJNA1019966,biogas fermenter metagenome,other,2.0,1
282,PRJNA1018682,gut metagenome,other,2.0,1
1761,PRJNA909336,anaerobic digester metagenome,other,2.0,1
1294,PRJNA650889,wetland metagenome,other,2.0,1
867,PRJNA438174,wastewater metagenome,other,2.0,7
869,PRJNA438833,bovine gut metagenome,other,2.0,6
870,PRJNA441480,soil metagenome,other,2.0,1
809,PRJNA404203,soil metagenome,other,2.0,1
1398,PRJNA691978,wastewater metagenome,other,2.0,1
1390,PRJNA690107,freshwater metagenome,other,2.0,1
818,PRJNA405209,soil metagenome,other,2.0,1
864,PRJNA436039,air metagenome,other,2.0,1
1418,PRJNA703034,metagenome,other,2.0,1
1425,PRJNA708966,bioreactor sludge metagenome,other,2.0,1
571,PRJNA330024,soil metagenome,other,2.0,1
570,PRJNA330023,soil metagenome,other,2.0,1
568,PRJNA330012,soil metagenome,other,2.0,1
567,PRJNA330010,soil metagenome,other,2.0,1
1231,PRJNA621563,soil metagenome,other,2.0,1
690,PRJNA365528,rhizosphere metagenome,other,2.0,1
1122,PRJNA570126,wetland metagenome,other,2.0,1
1121,PRJNA570125,wetland metagenome,other,2.0,1
877,PRJNA444386,rhizosphere metagenome,other,2.0,1
875,PRJNA444383,rhizosphere metagenome,other,2.0,1
880,PRJNA444393,rhizosphere metagenome,other,2.0,1
1417,PRJNA702770,metagenome,other,2.0,3
630,PRJNA358310,wastewater metagenome,other,2.0,6
596,PRJNA330356,rhizosphere metagenome,other,2.0,1
1289,PRJNA650884,wetland metagenome,other,2.0,1
1291,PRJNA650886,wetland metagenome,other,2.0,1
1285,PRJNA650760,wetland metagenome,other,2.0,1
1288,PRJNA650765,wetland metagenome,other,2.0,1
1284,PRJNA650757,wetland metagenome,other,2.0,1
1292,PRJNA650887,wetland metagenome,other,2.0,1
631,PRJNA358409,wetland metagenome,other,2.0,2
592,PRJNA330352,rhizosphere metagenome,other,2.0,1
1137,PRJNA590979,gut metagenome,other,2.0,1
1128,PRJNA575161,sediment metagenome,other,2.0,2
360,PRJNA1031997,metagenome,other,2.0,4
355,PRJNA1029559,wastewater metagenome,other,2.0,1
1805,PRJNA940122,metagenome,other,2.0,3
388,PRJNA1063508,metagenome,other,2.0,36
1309,PRJNA654223,sediment metagenome,other,2.0,1
860,PRJNA432256,soil metagenome,other,2.0,1
858,PRJNA429145,lake water metagenome,other,2.0,3
857,PRJNA427763,freshwater sediment metagenome,other,2.0,1
310,PRJNA1029084,soil metagenome,other,2.0,1
340,PRJNA1029141,soil metagenome,other,2.0,1
365,PRJNA1033318,soil metagenome,other,2.0,2
279,PRJNA1014123,rhizosphere metagenome,other,2.0,1
1387,PRJNA687536,metagenome,other,2.0,1
1386,PRJNA687334,invertebrate metagenome,other,2.0,1
873,PRJNA444381,rhizosphere metagenome,other,2.0,1
1843,PRJNA964586,manure metagenome,other,2.0,1
321,PRJNA1029108,soil metagenome,other,2.0,1
896,PRJNA444972,soil metagenome,other,2.0,1
344,PRJNA1029146,soil metagenome,other,2.0,1
90,PRJEB29504,metagenome,other,2.0,4
211,PRJEB51056,metagenome,other,2.0,16
895,PRJNA444971,soil metagenome,other,2.0,1
600,PRJNA338276,wetland metagenome,other,2.0,1
1004,PRJNA527877,wastewater metagenome,other,2.0,8
1026,PRJNA531780,wetland metagenome,other,2.0,1
182,PRJEB44685,gut metagenome,other,2.0,1
1022,PRJNA531772,wetland metagenome,other,2.0,1
1020,PRJNA531770,wetland metagenome,other,2.0,1
608,PRJNA340489,gut metagenome,other,2.0,1
347,PRJNA1029150,soil metagenome,other,2.0,1
872,PRJNA444379,rhizosphere metagenome,other,2.0,1
1019,PRJNA531769,wetland metagenome,other,2.0,1
950,PRJNA502501,soil metagenome,other,2.0,1
953,PRJNA502504,soil metagenome,other,2.0,1
1186,PRJNA620626,soil metagenome,other,2.0,1
1853,PRJNA972101,soil metagenome,other,2.0,1
1852,PRJNA972099,soil metagenome,other,2.0,1
952,PRJNA502503,soil metagenome,other,2.0,1
9,PRJDB4244,activated sludge metagenome,other,2.0,1
915,PRJNA467192,freshwater sediment metagenome,other,2.0,1
1350,PRJNA668357,gut metagenome,other,2.0,66
316,PRJNA1029095,soil metagenome,other,2.0,1
1193,PRJNA620647,soil metagenome,other,2.0,1
1190,PRJNA620640,soil metagenome,other,2.0,1
1189,PRJNA620639,soil metagenome,other,2.0,1
1188,PRJNA620637,soil metagenome,other,2.0,1
214,PRJEB51501,metagenome,other,1.9875776397515528,161
1466,PRJNA734720,metagenome,other,1.9864864864864864,74
1724,PRJNA894204,gut metagenome,other,1.9736842105263157,38
210,PRJEB50568,gut metagenome,other,1.9642857142857142,56
866,PRJNA436633,gut metagenome,other,1.9583333333333333,24
482,PRJNA1151827,Gallus gallus,other,1.9583333333333333,24
1378,PRJNA684454,metagenome,other,1.9558823529411764,68
153,PRJEB40383,unidentified,other,1.949685534591195,159
1809,PRJNA942254,gut metagenome,other,1.9375,16
278,PRJNA1013171,Rattus norvegicus,other,1.9375,16
1473,PRJNA739008,gut metagenome,other,1.9307692307692308,130
466,PRJNA1135459,mouse gut metagenome,other,1.9285714285714286,14
86,PRJEB29127,feces metagenome,other,1.9253731343283582,67
25,PRJEB14038,metagenome,other,1.9166666666666667,12
180,PRJEB4391,metagenome,other,1.9142857142857144,35
195,PRJEB47458,metagenome,other,1.9080459770114941,87
1455,PRJNA728908,metagenome,other,1.9054054054054055,74
1637,PRJNA838427,rat gut metagenome,other,1.8928571428571428,28
1595,PRJNA808857,freshwater sediment metagenome,other,1.8823529411764706,17
1342,PRJNA663646,feces metagenome,other,1.875,16
457,PRJNA1130110,feces metagenome,other,1.874251497005988,167
53,PRJEB22175,feces metagenome,other,1.8679245283018868,53
79,PRJEB28097,metagenome,other,1.8502673796791445,374
1814,PRJNA944152,gut metagenome,other,1.85,20
1800,PRJNA938297,gut metagenome,other,1.84375,32
361,PRJNA1032029,gut metagenome,other,1.8333333333333333,6
1148,PRJNA602101,gut metagenome,other,1.8333333333333333,6
1811,PRJNA942468,gut metagenome,other,1.8333333333333333,36
1178,PRJNA615114,metagenome,other,1.8333333333333333,18
1422,PRJNA706116,gut metagenome,other,1.8333333333333333,36
1177,PRJNA613947,gut metagenome,other,1.8166666666666667,180
119,PRJEB34871,gut metagenome,other,1.8129032258064517,155
1241,PRJNA624763,metagenome,other,1.8085106382978724,47
1370,PRJNA678871,metagenome,other,1.803921568627451,51
1894,PRJNA999587,gut metagenome,other,1.8,5
1864,PRJNA981159,gut metagenome,other,1.8,15
794,PRJNA386502,gut metagenome,other,1.8,5
363,PRJNA1032714,gut metagenome,other,1.8,20
414,PRJNA1088414,gut metagenome,other,1.8,5
1129,PRJNA575186,mouse gut metagenome,other,1.8,5
1860,PRJNA976879,riverine metagenome,other,1.8,5
1176,PRJNA613834,feces metagenome,other,1.7959183673469388,49
29,PRJEB14847,gut metagenome,other,1.7888198757763976,322
1708,PRJNA877821,metagenome,other,1.7857142857142858,14
1770,PRJNA915251,feces metagenome,other,1.7850877192982457,228
1749,PRJNA903542,Barnesiella,other,1.7777777777777777,9
1701,PRJNA874518,rat gut metagenome,other,1.7666666666666666,30
1438,PRJNA722129,feces metagenome,other,1.76,50
1795,PRJNA934407,runoff metagenome,other,1.75,4
1628,PRJNA827603,metagenome,other,1.75,24
1711,PRJNA881471,Bacteroides fragilis,other,1.75,24
1135,PRJNA589622,gut metagenome,other,1.75,32
1651,PRJNA847017,gut metagenome,other,1.75,4
1574,PRJNA787384,gut metagenome,other,1.75,12
81,PRJEB28384,metagenome,other,1.744186046511628,43
806,PRJNA399742,metagenome,other,1.7391304347826086,23
1624,PRJNA824667,metagenome,other,1.7326732673267327,101
1657,PRJNA849795,gut metagenome,other,1.7307692307692308,26
1404,PRJNA693652,metagenome,other,1.7272727272727273,11
496,PRJNA1165936,bovine metagenome,other,1.7272727272727273,33
1675,PRJNA859194,soil metagenome,other,1.7142857142857142,7
147,PRJEB39610,gut metagenome,other,1.7142857142857142,7
247,PRJEB70928,Macaca mulatta,other,1.7142857142857142,119
425,PRJNA1101587,gut metagenome,other,1.7142857142857142,35
40,PRJEB18780,Bacillota bacterium,other,1.7083333333333333,24
862,PRJNA433459,gut metagenome,other,1.7,30
1790,PRJNA932130,metagenome,other,1.7,10
64,PRJEB25008,gut metagenome,other,1.6984126984126984,63
58,PRJEB23010,gut metagenome,other,1.6805555555555556,72
146,PRJEB39500,metagenome,other,1.6752136752136753,117
395,PRJNA1071831,freshwater metagenome,other,1.6666666666666667,3
1635,PRJNA837775,Bacillota,other,1.6666666666666667,9
1613,PRJNA821230,gut metagenome,other,1.6666666666666667,12
60,PRJEB23207,metagenome,other,1.6666666666666667,3
261,PRJNA1004882,air metagenome,other,1.6666666666666667,3
249,PRJEB7840,metagenome,other,1.6666666666666667,6
1827,PRJNA947962,freshwater metagenome,other,1.6666666666666667,3
1855,PRJNA972502,soil metagenome,other,1.6666666666666667,3
1876,PRJNA986566,freshwater metagenome,other,1.6666666666666667,9
1377,PRJNA684045,rat gut metagenome,other,1.6666666666666667,3
236,PRJEB63360,indoor metagenome,other,1.6666666666666667,3
1450,PRJNA728249,soil metagenome,other,1.6666666666666667,3
186,PRJEB45516,wastewater metagenome,other,1.6666666666666667,3
944,PRJNA494824,metagenome,other,1.6571428571428573,35
405,PRJNA1082632,gut metagenome,other,1.6565656565656566,99
478,PRJNA1148628,feces metagenome,other,1.65,20
94,PRJEB31266,bovine gut metagenome,other,1.6428571428571428,98
100,PRJEB32631,gut metagenome,other,1.6376811594202898,138
1339,PRJNA662107,feces metagenome,other,1.6369426751592357,157
1510,PRJNA763503,metagenome,other,1.6285714285714286,35
1601,PRJNA812583,feces metagenome,other,1.625,8
207,PRJEB49383,clinical metagenome,other,1.625,8
161,PRJEB40995,metagenome,other,1.6153846153846154,39
1500,PRJNA756556,feces metagenome,other,1.6153846153846154,13
262,PRJNA1004982,metagenome,other,1.6137787056367432,479
1283,PRJNA650228,feces metagenome,other,1.603960396039604,101
89,PRJEB29373,feces metagenome,other,1.6,40
226,PRJEB58815,viral metagenome,other,1.6,5
560,PRJNA319008,bioreactor metagenome,other,1.6,5
1752,PRJNA903542,Parabacteroides,other,1.6,5
169,PRJEB41865,metagenome,other,1.6,5
511,PRJNA1177009,gut metagenome,other,1.5813953488372092,129
1242,PRJNA625520,metagenome,other,1.5806451612903225,62
551,PRJNA309291,bovine gut metagenome,other,1.5714285714285714,56
1629,PRJNA831236,gut metagenome,other,1.5714285714285714,7
1686,PRJNA862629,gut metagenome,other,1.5714285714285714,7
1007,PRJNA528960,feces metagenome,other,1.565217391304348,92
151,PRJEB40095,metagenome,other,1.565217391304348,46
135,PRJEB38000,metagenome,other,1.564516129032258,62
1474,PRJNA739170,metagenome,other,1.56,50
1753,PRJNA903542,Paraprevotella,other,1.5555555555555556,9
1366,PRJNA675598,metagenome,other,1.546875,64
26,PRJEB14051,metagenome,other,1.5454545454545454,22
448,PRJNA1121295,gut metagenome,other,1.5416666666666667,24
1680,PRJNA860656,metagenome,other,1.54,50
1444,PRJNA723432,gut metagenome,other,1.537313432835821,67
106,PRJEB33338,metagenome,other,1.5333333333333334,15
1543,PRJNA770101,feces metagenome,other,1.5263157894736843,38
1600,PRJNA811727,feces metagenome,other,1.5217391304347827,23
615,PRJNA340908,chicken gut metagenome,other,1.52,25
1561,PRJNA782533,feces metagenome,other,1.509433962264151,53
469,PRJNA1137832,metagenome,other,1.509090909090909,55
380,PRJNA1047028,metagenome,other,1.5,6
401,PRJNA1076911,gut metagenome,other,1.5,10
1801,PRJNA938738,soil metagenome,other,1.5,2
381,PRJNA1048085,freshwater sediment metagenome,other,1.5,2
1751,PRJNA903542,Faecalibacterium,other,1.5,4
1136,PRJNA590085,gut metagenome,other,1.5,4
396,PRJNA1071982,soil metagenome,other,1.5,2
290,PRJNA1023964,wastewater metagenome,other,1.5,2
293,PRJNA1028177,wastewater metagenome,other,1.5,2
281,PRJNA1017975,sediment metagenome,other,1.5,2
276,PRJNA1011201,chicken gut metagenome,other,1.5,6
1739,PRJNA902178,Parabacteroides,other,1.5,2
1731,PRJNA902178,Bacteroides,other,1.5,2
1732,PRJNA902178,Barnesiella,other,1.5,2
1734,PRJNA902178,Coprococcus,other,1.5,2
1743,PRJNA902178,Ruminococcus,other,1.5,2
257,PRJNA1002562,soil metagenome,other,1.5,2
1658,PRJNA849795,synthetic metagenome,other,1.5,2
1742,PRJNA902178,Roseburia,other,1.5,2
1718,PRJNA888226,gut metagenome,other,1.5,4
1663,PRJNA853174,gut metagenome,other,1.5,2
941,PRJNA491626,feces metagenome,other,1.5,6
1460,PRJNA730942,gut metagenome,other,1.5,4
1492,PRJNA752224,gut metagenome,other,1.5,12
968,PRJNA509633,activated sludge metagenome,other,1.5,2
1472,PRJNA738625,runoff metagenome,other,1.5,2
1001,PRJNA526679,wastewater metagenome,other,1.5,2
855,PRJNA427653,gut metagenome,other,1.5,4
1410,PRJNA698060,rhizosphere metagenome,other,1.5,2
198,PRJEB47613,mixed sample,other,1.5,2
18,PRJEB13118,sediment metagenome,other,1.5,2
1625,PRJNA825695,metagenome,other,1.5,2
70,PRJEB26357,metagenome,other,1.4918032786885247,122
143,PRJEB39110,mixed sample,other,1.4901960784313726,51
632,PRJNA362455,rhizosphere metagenome,other,1.4827586206896552,29
102,PRJEB32834,feces metagenome,other,1.4742268041237114,97
1762,PRJNA909358,wastewater metagenome,other,1.4736842105263157,19
925,PRJNA478556,gut metagenome,other,1.4736842105263157,19
260,PRJNA1003522,canine metagenome,other,1.4714285714285715,70
785,PRJNA375935,gut metagenome,other,1.46875,32
1548,PRJNA773596,feces metagenome,other,1.4615384615384615,26
367,PRJNA1035987,gut metagenome,other,1.4545454545454546,55
436,PRJNA1112983,metagenome,other,1.4545454545454546,11
208,PRJEB49428,metagenome,other,1.4461538461538461,65
154,PRJEB40628,gut metagenome,other,1.4461538461538461,65
1607,PRJNA816829,rat gut metagenome,other,1.4444444444444444,9
481,PRJNA1151203,feces metagenome,other,1.4444444444444444,9
23,PRJEB13870,metagenome,other,1.4415584415584415,77
1415,PRJNA699281,metagenome,other,1.4390243902439024,41
238,PRJEB6337,metagenome,other,1.4385964912280702,57
471,PRJNA1139229,gut metagenome,other,1.4384615384615385,130
48,PRJEB21508,Bos taurus,other,1.4375,48
1799,PRJNA937903,soil metagenome,other,1.4285714285714286,7
1818,PRJNA945408,gut metagenome,other,1.4278846153846154,208
433,PRJNA1111312,gut metagenome,other,1.4210526315789473,19
523,PRJNA217052,gut metagenome,other,1.4179301252471985,1517
1804,PRJNA939514,metagenome,other,1.415929203539823,113
1374,PRJNA682246,metagenome,other,1.4122137404580153,131
248,PRJEB72433,gut metagenome,other,1.4102564102564104,39
1451,PRJNA728374,gut metagenome,other,1.4086021505376345,93
123,PRJEB35816,metagenome,other,1.4067796610169492,59
104,PRJEB33080,bovine gut metagenome,other,1.4042553191489362,47
1695,PRJNA872328,gut metagenome,other,1.4027777777777777,72
383,PRJNA1049576,rat metagenome,other,1.4,20
1849,PRJNA971778,metagenome,other,1.4,5
1334,PRJNA658422,gut metagenome,other,1.4,10
840,PRJNA407341,viral metagenome,other,1.4,5
1368,PRJNA678365,bovine metagenome,other,1.4,5
61,PRJEB23561,bovine metagenome,other,1.4,5
1384,PRJNA686835,gut metagenome,other,1.392156862745098,51
1812,PRJNA943687,metagenome,other,1.3865546218487395,238
166,PRJEB41323,chicken gut metagenome,other,1.3846153846153846,78
1639,PRJNA841806,metagenome,other,1.384180790960452,177
137,PRJEB38174,chicken gut metagenome,other,1.3819628647214854,377
1354,PRJNA669162,Rattus norvegicus,other,1.375,32
149,PRJEB39861,metagenome,other,1.375,8
179,PRJEB43337,gut metagenome,other,1.375,8
373,PRJNA1039992,chicken gut metagenome,other,1.3703703703703705,108
240,PRJEB66265,metagenome,other,1.3571428571428572,14
1837,PRJNA955400,gut metagenome,other,1.3529411764705883,17
1476,PRJNA739858,metagenome,other,1.3488372093023255,43
62,PRJEB24041,gut metagenome,other,1.346938775510204,245
913,PRJNA454826,gut metagenome,other,1.3461538461538463,26
1442,PRJNA723218,gut metagenome,other,1.3411764705882352,85
1471,PRJNA738608,gut metagenome,other,1.3389830508474576,59
998,PRJNA524271,gut metagenome,other,1.3333333333333333,39
96,PRJEB31632,metagenome,other,1.3333333333333333,3
1360,PRJNA673918,feces metagenome,other,1.3333333333333333,6
5,PRJDB14853,riverine metagenome,other,1.3333333333333333,3
633,PRJNA362629,bovine gut metagenome,other,1.3333333333333333,3
1483,PRJNA746424,soil metagenome,other,1.3333333333333333,3
1485,PRJNA748262,metagenome,other,1.3333333333333333,6
1365,PRJNA675502,metagenome,other,1.3333333333333333,6
1349,PRJNA667550,gut metagenome,other,1.3333333333333333,21
856,PRJNA427653,sheep metagenome,other,1.3333333333333333,3
1744,PRJNA902178,Subdoligranulum,other,1.3333333333333333,3
1275,PRJNA646650,metagenome,other,1.3333333333333333,3
545,PRJNA293646,chicken gut metagenome,other,1.3333333333333333,3
1256,PRJNA633378,aquatic metagenome,other,1.3333333333333333,6
430,PRJNA1106227,Bacillota,other,1.3333333333333333,6
449,PRJNA1121316,gut metagenome,other,1.3333333333333333,6
1730,PRJNA902178,Alistipes,other,1.3333333333333333,3
1754,PRJNA903542,Roseburia,other,1.3333333333333333,3
1741,PRJNA902178,Prevotella,other,1.3333333333333333,3
1748,PRJNA903542,Bacteroides,other,1.3333333333333333,3
1738,PRJNA902178,Megamonas,other,1.3333333333333333,3
1737,PRJNA902178,Faecalibacterium,other,1.3333333333333333,3
1736,PRJNA902178,Eubacterium,other,1.3333333333333333,3
387,PRJNA1063243,metagenome,other,1.3333333333333333,3
1815,PRJNA944403,metagenome,other,1.3333333333333333,33
1842,PRJNA961122,feline metagenome,other,1.3333333333333333,3
197,PRJEB47613,chicken gut metagenome,other,1.3225806451612903,31
49,PRJEB21624,metagenome,other,1.32,25
270,PRJNA1007579,gut metagenome,other,1.3181818181818181,22
1332,PRJNA657455,gut metagenome,other,1.3157894736842106,133
163,PRJEB41153,wastewater metagenome,other,1.3114754098360655,61
470,PRJNA1138429,gut metagenome,other,1.3043478260869565,46
374,PRJNA1040231,bovine gut metagenome,other,1.3,10
1726,PRJNA898082,gut metagenome,other,1.297872340425532,47
1772,PRJNA916383,gut metagenome,other,1.2916666666666667,24
1611,PRJNA819232,metagenome,other,1.2857142857142858,7
289,PRJNA1023559,gut metagenome,other,1.2857142857142858,7
1280,PRJNA648659,aquatic metagenome,other,1.2857142857142858,7
1419,PRJNA703757,gut metagenome,other,1.2826086956521738,46
936,PRJNA486429,air metagenome,other,1.2727272727272727,11
1395,PRJNA691977,bovine gut metagenome,other,1.2727272727272727,11
241,PRJEB66438,Canis lupus familiaris,other,1.2727272727272727,11
190,PRJEB46550,chicken gut metagenome,other,1.2705882352941176,85
1665,PRJNA853814,gut metagenome,other,1.263157894736842,19
1759,PRJNA906124,gut metagenome,other,1.263157894736842,19
1885,PRJNA994318,gut metagenome,other,1.2619047619047619,84
1820,PRJNA946412,feces metagenome,other,1.25,20
389,PRJNA1064467,mouse gut metagenome,other,1.25,8
1638,PRJNA841260,Gallus gallus,other,1.25,4
1873,PRJNA983538,soil metagenome,other,1.25,8
798,PRJNA389927,gut metagenome,other,1.25,12
109,PRJEB33756,metagenome,other,1.25,8
540,PRJNA291299,chicken gut metagenome,other,1.25,4
807,PRJNA400857,freshwater metagenome,other,1.25,4
1733,PRJNA902178,Bifidobacterium,other,1.25,4
36,PRJEB18041,metagenome,other,1.2413793103448276,29
369,PRJNA1036590,gut metagenome,other,1.2307692307692308,13
1110,PRJNA562600,feces metagenome,other,1.2272727272727273,22
1380,PRJNA685168,metagenome,other,1.2222222222222223,18
1490,PRJNA750475,gut metagenome,other,1.2222222222222223,9
521,PRJNA214227,bovine gut metagenome,other,1.2222222222222223,9
408,PRJNA1085219,metagenome,other,1.2222222222222223,9
1829,PRJNA948536,gut metagenome,other,1.2222222222222223,9
1340,PRJNA662107,viral metagenome,other,1.2173913043478262,69
1706,PRJNA877100,gut metagenome,other,1.2162162162162162,37
277,PRJNA1011517,gut metagenome,other,1.2142857142857142,14
1570,PRJNA785979,gut metagenome,other,1.2093023255813953,43
1871,PRJNA983093,feces metagenome,other,1.206896551724138,29
20,PRJEB13595,metagenome,other,1.2,10
559,PRJNA317932,soil metagenome,other,1.2,5
142,PRJEB38909,metagenome,other,1.2,5
922,PRJNA473225,mouse gut metagenome,other,1.2,10
1747,PRJNA903542,Alistipes,other,1.2,5
493,PRJNA1164032,gut metagenome,other,1.2,20
59,PRJEB23147,gut metagenome,other,1.2,15
1632,PRJNA834577,gut metagenome,other,1.2,10
378,PRJNA1045967,metagenome,other,1.2,5
1775,PRJNA918651,gut metagenome,other,1.2,35
1760,PRJNA907943,feces metagenome,other,1.2,5
1835,PRJNA954584,gut metagenome,other,1.1891891891891893,37
1697,PRJNA873083,gut metagenome,other,1.1851851851851851,27
1836,PRJNA955235,gut metagenome,other,1.1818181818181819,11
1727,PRJNA898608,bovine gut metagenome,other,1.1818181818181819,11
1556,PRJNA779578,gut metagenome,other,1.1818181818181819,22
1348,PRJNA666163,chicken gut metagenome,other,1.1785714285714286,28
1784,PRJNA928211,metagenome,other,1.1714285714285715,35
1480,PRJNA745329,gut metagenome,other,1.1666666666666667,24
473,PRJNA1143568,chicken gut metagenome,other,1.1666666666666667,6
35,PRJEB17643,metagenome,other,1.1666666666666667,12
420,PRJNA1095634,gut metagenome,other,1.1666666666666667,6
1173,PRJNA609596,rat gut metagenome,other,1.162162162162162,37
997,PRJNA524170,feces metagenome,other,1.1538461538461537,13
1863,PRJNA980404,Bos taurus,other,1.1538461538461537,13
1421,PRJNA706060,gut metagenome,other,1.1515151515151516,33
251,PRJEB8094,gut metagenome,other,1.1512820512820512,390
1502,PRJNA758208,gut metagenome,other,1.150943396226415,53
288,PRJNA1020557,gut metagenome,other,1.1428571428571428,7
113,PRJEB34458,metagenome,other,1.1428571428571428,7
1248,PRJNA629464,Mus musculus,other,1.1428571428571428,7
1098,PRJNA541820,mouse gut metagenome,other,1.1428571428571428,7
1495,PRJNA753514,primate metagenome,other,1.1428571428571428,7
97,PRJEB31650,wastewater metagenome,other,1.1428571428571428,28
256,PRJNA1002411,feces metagenome,other,1.1428571428571428,56
549,PRJNA300602,gut metagenome,other,1.1428571428571428,7
13,PRJEB11852,metagenome,other,1.1355932203389831,59
1844,PRJNA964705,gut metagenome,other,1.1333333333333333,30
1769,PRJNA913982,Bifidobacterium,other,1.1333333333333333,15
1503,PRJNA758252,metagenome,other,1.1322033898305084,295
1420,PRJNA704780,chicken gut metagenome,other,1.125,8
406,PRJNA1082665,gut metagenome,other,1.1247058823529412,425
1641,PRJNA842587,primate metagenome,other,1.1111111111111112,9
1866,PRJNA981443,Bos taurus,other,1.1071428571428572,28
10,PRJDB8987,feces metagenome,other,1.1,10
0,NP,metagenome,other,1.1,20
107,PRJEB33577,gut metagenome,other,1.0952380952380953,21
51,PRJEB22032,gut metagenome,other,1.0909090909090908,11
468,PRJNA1136229,chicken gut metagenome,other,1.0833333333333333,12
368,PRJNA1036376,chicken gut metagenome,other,1.0833333333333333,48
1615,PRJNA821923,gut metagenome,other,1.0833333333333333,12
525,PRJNA230567,bioreactor metagenome,other,1.0833333333333333,12
1513,PRJNA765392,gut metagenome,other,1.0833333333333333,12
1376,PRJNA683158,gut metagenome,other,1.0689655172413792,29
140,PRJEB38606,gut metagenome,other,1.064516129032258,31
1682,PRJNA861020,feces metagenome,other,1.0588235294117647,17
216,PRJEB52431,bioreactor metagenome,other,1.0576923076923077,52
1878,PRJNA988023,gut metagenome,other,1.0571428571428572,35
165,PRJEB41222,metagenome,other,1.0526315789473684,19
1874,PRJNA984925,bovine metagenome,other,1.0526315789473684,19
1683,PRJNA861285,metagenome,other,1.0526315789473684,19
394,PRJNA1071720,gut metagenome,other,1.05,20
242,PRJEB66439,Canis lupus familiaris,other,1.0469798657718121,149
1443,PRJNA723283,gut metagenome,other,1.037037037037037,27
1826,PRJNA947933,gut metagenome,other,1.0357142857142858,56
971,PRJNA515316,canine metagenome,other,1.0333333333333334,30
1563,PRJNA783381,sheep gut metagenome,other,1.03125,32
150,PRJEB39960,mouse gut metagenome,other,1.0277777777777777,72
1100,PRJNA543206,chicken gut metagenome,other,1.027027027027027,37
843,PRJNA417359,chicken gut metagenome,other,1.024793388429752,121
132,PRJEB37731,feces metagenome,other,1.024390243902439,123
1571,PRJNA786485,metagenome,other,1.018181818181818,55
1579,PRJNA793774,metagenome,other,1.0161290322580645,62
1662,PRJNA852373,chicken gut metagenome,other,1.0,1
564,PRJNA322715,bovine gut metagenome,other,1.0,1
563,PRJNA321423,dust metagenome,other,1.0,16
561,PRJNA319009,bovine gut metagenome,other,1.0,2
69,PRJEB26069,soil metagenome,other,1.0,5
565,PRJNA324836,anaerobic digester metagenome,other,1.0,1
1667,PRJNA855329,chicken gut metagenome,other,1.0,2
1669,PRJNA857464,gut metagenome,other,1.0,12
1654,PRJNA848116,feces metagenome,other,1.0,2
518,PRJNA193217,chicken gut metagenome,other,1.0,1
522,PRJNA214227,gut metagenome,other,1.0,2
526,PRJNA236429,soil metagenome,other,1.0,1
1671,PRJNA858396,air metagenome,other,1.0,6
515,PRJNA1184367,soil metagenome,other,1.0,2
541,PRJNA291523,bovine gut metagenome,other,1.0,1
552,PRJNA311377,biogas fermenter metagenome,other,1.0,1
553,PRJNA311379,biogas fermenter metagenome,other,1.0,1
612,PRJNA340593,plant metagenome,other,1.0,1
93,PRJEB31009,gut metagenome,other,1.0,2
95,PRJEB31441,uncultured bacterium,other,1.0,3
1591,PRJNA803517,gut metagenome,other,1.0,4
1597,PRJNA810520,soil metagenome,other,1.0,3
250,PRJEB8087,wastewater metagenome,other,1.0,2
1644,PRJNA844179,metagenome,other,1.0,1
1647,PRJNA844538,metagenome,other,1.0,1
1648,PRJNA846742,canine gut metagenome,other,1.0,22
252,PRJEB81427,chicken gut metagenome,other,1.0,1
254,PRJEB9443,Mus musculus,other,1.0,6
255,PRJNA1000261,fermentation metagenome,other,1.0,137
533,PRJNA268906,rat gut metagenome,other,1.0,8
535,PRJNA271618,gut metagenome,other,1.0,42
1653,PRJNA847951,metagenome,other,1.0,7
1642,PRJNA842693,primate metagenome,other,1.0,4
1659,PRJNA850673,Mus musculus,other,1.0,1
1660,PRJNA851186,Mus musculus,other,1.0,4
1661,PRJNA851924,soil metagenome,other,1.0,9
1698,PRJNA873123,chicken gut metagenome,other,1.0,32
57,PRJEB22973,gut metagenome,other,1.0,89
264,PRJNA1005411,phage metagenome,other,1.0,1
268,PRJNA1006674,gut metagenome,other,1.0,11
274,PRJNA1009937,sediment metagenome,other,1.0,1
544,PRJNA293646,bovine gut metagenome,other,1.0,3
1140,PRJNA593618,gut metagenome,other,1.0,1
1143,PRJNA597489,bovine gut metagenome,other,1.0,8
1201,PRJNA620694,gut metagenome,other,1.0,1
1202,PRJNA620695,gut metagenome,other,1.0,1
1203,PRJNA620696,gut metagenome,other,1.0,1
1204,PRJNA620698,gut metagenome,other,1.0,1
1205,PRJNA620699,gut metagenome,other,1.0,1
1677,PRJNA860353,gut metagenome,other,1.0,4
1678,PRJNA860353,wastewater metagenome,other,1.0,1
483,PRJNA1152756,marine metagenome,other,1.0,1
1674,PRJNA858913,groundwater metagenome,other,1.0,1
1676,PRJNA859637,mouse gut metagenome,other,1.0,2
554,PRJNA311380,biogas fermenter metagenome,other,1.0,1
555,PRJNA311381,biogas fermenter metagenome,other,1.0,1
557,PRJNA316560,gut metagenome,other,1.0,1
558,PRJNA317576,gut metagenome,other,1.0,2
1631,PRJNA834564,bovine gut metagenome,other,1.0,9
1684,PRJNA861413,Akkermansia muciniphila,other,1.0,1
1655,PRJNA849257,gut metagenome,other,1.0,4
499,PRJNA1168703,metagenome,other,1.0,9
504,PRJNA1174811,bioreactor metagenome,other,1.0,1
505,PRJNA1174812,bioreactor metagenome,other,1.0,1
506,PRJNA1174814,bioreactor metagenome,other,1.0,1
507,PRJNA1174816,bioreactor metagenome,other,1.0,1
509,PRJNA1174818,bioreactor metagenome,other,1.0,1
512,PRJNA1177199,gut metagenome,other,1.0,1
514,PRJNA1180206,mouse gut metagenome,other,1.0,4
1691,PRJNA865262,Saccharomyces cerevisiae,other,1.0,16
1690,PRJNA865096,metagenome,other,1.0,1
1539,PRJNA768590,bioreactor sludge metagenome,other,1.0,1
1545,PRJNA771488,mouse gut metagenome,other,1.0,1
1547,PRJNA772888,feces metagenome,other,1.0,1
624,PRJNA348753,Faecalitalea sp. UBA637,other,1.0,1
625,PRJNA348753,Prevotella sp. UBA631,other,1.0,1
1111,PRJNA563204,feces metagenome,other,1.0,26
1112,PRJNA563777,marine sediment metagenome,other,1.0,1
1114,PRJNA564888,feces metagenome,other,1.0,4
80,PRJEB28237,gut metagenome,other,1.0,12
1118,PRJNA566979,soil metagenome,other,1.0,1
1120,PRJNA566982,soil metagenome,other,1.0,1
1211,PRJNA620718,gut metagenome,other,1.0,1
1212,PRJNA620757,wastewater metagenome,other,1.0,1
1564,PRJNA783413,mouse metagenome,other,1.0,1
1565,PRJNA783624,mouse gut metagenome,other,1.0,9
1566,PRJNA783651,whole organism metagenome,other,1.0,9
1568,PRJNA785003,gut metagenome,other,1.0,10
1572,PRJNA786875,uncultured virus,other,1.0,1
1115,PRJNA565171,gut metagenome,other,1.0,4
1560,PRJNA782422,compost metagenome,other,1.0,1
1562,PRJNA783360,silage metagenome,other,1.0,2
659,PRJNA365497,rhizosphere metagenome,other,1.0,1
660,PRJNA365498,rhizosphere metagenome,other,1.0,1
1531,PRJNA768568,bioreactor sludge metagenome,other,1.0,1
1532,PRJNA768569,bioreactor sludge metagenome,other,1.0,1
1533,PRJNA768570,bioreactor sludge metagenome,other,1.0,1
1534,PRJNA768573,bioreactor sludge metagenome,other,1.0,1
1573,PRJNA786887,Felis catus,other,1.0,6
114,PRJEB34573,metagenome,other,1.0,3
1584,PRJNA798875,chicken gut metagenome,other,1.0,2
1586,PRJNA799796,mouse gut metagenome,other,1.0,9
84,PRJEB28847,metagenome,other,1.0,17
85,PRJEB29020,metagenome,other,1.0,2
87,PRJEB29152,gut metagenome,other,1.0,1
613,PRJNA340594,plant metagenome,other,1.0,1
614,PRJNA340599,plant metagenome,other,1.0,1
110,PRJEB33889,metagenome,other,1.0,2
111,PRJEB34360,Canis lupus familiaris,other,1.0,34
1575,PRJNA792486,goat gut metagenome,other,1.0,15
1603,PRJNA812891,metagenome,other,1.0,2
1606,PRJNA815894,bovine gut metagenome,other,1.0,1
1610,PRJNA818720,rat gut metagenome,other,1.0,6
1617,PRJNA823379,freshwater metagenome,other,1.0,1
68,PRJEB25954,metagenome,other,1.0,18
1213,PRJNA620778,soil metagenome,other,1.0,1
1221,PRJNA620824,soil metagenome,other,1.0,1
1222,PRJNA620825,soil metagenome,other,1.0,1
1089,PRJNA539718,soil metagenome,other,1.0,1
1086,PRJNA539715,soil metagenome,other,1.0,1
1087,PRJNA539716,soil metagenome,other,1.0,1
566,PRJNA329913,freshwater metagenome,other,1.0,1
569,PRJNA330022,soil metagenome,other,1.0,1
573,PRJNA330070,soil metagenome,other,1.0,1
1681,PRJNA860773,wastewater metagenome,other,1.0,1
1622,PRJNA824545,wastewater metagenome,other,1.0,1
1626,PRJNA826714,landfill metagenome,other,1.0,4
1630,PRJNA832246,wastewater metagenome,other,1.0,2
1226,PRJNA621238,rhizosphere metagenome,other,1.0,1
1097,PRJNA541083,feces metagenome,other,1.0,47
626,PRJNA348753,Prevotella sp. UBA633,other,1.0,1
629,PRJNA357148,cow dung metagenome,other,1.0,1
598,PRJNA331138,gut metagenome,other,1.0,2
601,PRJNA338370,chicken gut metagenome,other,1.0,1
607,PRJNA340488,gut metagenome,other,1.0,1
609,PRJNA340522,gut metagenome,other,1.0,1
610,PRJNA340523,gut metagenome,other,1.0,1
611,PRJNA340524,gut metagenome,other,1.0,1
583,PRJNA330331,soil metagenome,other,1.0,1
619,PRJNA347599,chicken gut metagenome,other,1.0,10
620,PRJNA348350,mouse gut metagenome,other,1.0,2
621,PRJNA348753,Clostridiales bacterium UBA643,other,1.0,1
622,PRJNA348753,Collinsella sp. UBA4258,other,1.0,1
623,PRJNA348753,Collinsella sp. UBA4370,other,1.0,1
1599,PRJNA810925,soil metagenome,other,1.0,2
576,PRJNA330110,soil metagenome,other,1.0,1
581,PRJNA330323,soil metagenome,other,1.0,1
582,PRJNA330324,soil metagenome,other,1.0,1
616,PRJNA341282,mouse gut metagenome,other,1.0,1
41,PRJEB20308,bacterium,other,1.0,610
42,PRJEB20308,gut metagenome,other,1.0,5
44,PRJEB20586,metagenome,other,1.0,2
45,PRJEB21076,metagenome,other,1.0,40
1796,PRJNA936782,gut metagenome,other,1.0,5
1797,PRJNA937167,manure metagenome,other,1.0,1
1798,PRJNA937780,sheep gut metagenome,other,1.0,7
1806,PRJNA940850,gut metagenome,other,1.0,6
1210,PRJNA620714,gut metagenome,other,1.0,1
357,PRJNA1029994,gut metagenome,other,1.0,23
358,PRJNA1030894,feces metagenome,other,1.0,63
1783,PRJNA925857,gut metagenome,other,1.0,72
1170,PRJNA606075,[Ruminococcus] gnavus,other,1.0,1
1171,PRJNA606075,[Ruminococcus] torques,other,1.0,1
1172,PRJNA608645,metagenome,other,1.0,1
1144,PRJNA598014,metagenome,other,1.0,8
1147,PRJNA601318,gut metagenome,other,1.0,5
1821,PRJNA946647,landfill metagenome,other,1.0,3
356,PRJNA1029899,wastewater metagenome,other,1.0,1
423,PRJNA1098453,oral metagenome,other,1.0,6
392,PRJNA1066070,mouse gut metagenome,other,1.0,17
393,PRJNA1067375,gut metagenome,other,1.0,2
398,PRJNA1072081,metagenome,other,1.0,10
400,PRJNA1073739,gut metagenome,other,1.0,34
402,PRJNA1077890,gut metagenome,other,1.0,3
275,PRJNA1010388,metagenome,other,1.0,5
1787,PRJNA929645,gut metagenome,other,1.0,3
1788,PRJNA929705,anaerobic digester metagenome,other,1.0,1
386,PRJNA1061804,chicken gut metagenome,other,1.0,1
1792,PRJNA932960,gut metagenome,other,1.0,6
1793,PRJNA933244,gut metagenome,other,1.0,2
1794,PRJNA934363,metagenome,other,1.0,1
37,PRJEB18115,metagenome,other,1.0,1
377,PRJNA1045577,fish metagenome,other,1.0,1
1182,PRJNA620618,soil metagenome,other,1.0,1
382,PRJNA1049198,chicken gut metagenome,other,1.0,26
384,PRJNA1050885,gut metagenome,other,1.0,3
385,PRJNA1052643,food metagenome,other,1.0,4
1791,PRJNA932263,Roseburia intestinalis,other,1.0,1
1235,PRJNA622867,gut metagenome,other,1.0,1
1237,PRJNA623679,Bacillus sp. (in: firmicutes),other,1.0,1
1238,PRJNA623679,Bacteroides sp.,other,1.0,1
1155,PRJNA606075,Bacteroides intestinalis,other,1.0,1
364,PRJNA1033037,hospital metagenome,other,1.0,6
1861,PRJNA977813,gut metagenome,other,1.0,7
1862,PRJNA979818,food fermentation metagenome,other,1.0,3
7,PRJDB16747,bovine gut metagenome,other,1.0,1
1823,PRJNA947193,synthetic metagenome,other,1.0,2
1163,PRJNA606075,Roseburia intestinalis,other,1.0,7
334,PRJNA1029129,soil metagenome,other,1.0,1
17,PRJEB12669,gut metagenome,other,1.0,2
1872,PRJNA983521,metagenome,other,1.0,4
12,PRJEB11419,metagenome,other,1.0,1
1891,PRJNA998844,metagenome,other,1.0,3
4,PRJDB1462,mouse gut metagenome,other,1.0,1
2,PRJDB11394,feces metagenome,other,1.0,3
3,PRJDB13037,activated sludge metagenome,other,1.0,1
1162,PRJNA606075,Odoribacter laneus,other,1.0,1
1824,PRJNA947216,gut metagenome,other,1.0,1
1825,PRJNA947914,fish gut metagenome,other,1.0,6
337,PRJNA1029134,soil metagenome,other,1.0,1
1165,PRJNA606075,Streptococcus salivarius,other,1.0,1
1166,PRJNA606075,Streptococcus thermophilus,other,1.0,1
1167,PRJNA606075,Subdoligranulum sp. PS107,other,1.0,1
1168,PRJNA606075,Subdoligranulum sp. PS108,other,1.0,1
379,PRJNA1046298,gut metagenome,other,1.0,5
292,PRJNA1026631,feces metagenome,other,1.0,1
178,PRJEB43305,bovine gut metagenome,other,1.0,2
371,PRJNA1038726,bioreactor metagenome,other,1.0,1
372,PRJNA1038727,bioreactor metagenome,other,1.0,1
1819,PRJNA946383,chicken gut metagenome,other,1.0,58
1085,PRJNA539714,soil metagenome,other,1.0,1
1041,PRJNA539313,sediment metagenome,other,1.0,1
1042,PRJNA539315,sediment metagenome,other,1.0,1
1043,PRJNA539317,sediment metagenome,other,1.0,1
1047,PRJNA539518,soil metagenome,other,1.0,1
177,PRJEB43265,Gorilla gorilla gorilla,other,1.0,1
370,PRJNA1037140,metagenome,other,1.0,1
1712,PRJNA883215,metagenome,other,1.0,1
1713,PRJNA884688,metagenome,other,1.0,5
1720,PRJNA890321,metagenome,other,1.0,7
1723,PRJNA894152,feces metagenome,other,1.0,2
1725,PRJNA896917,metagenome,other,1.0,1
1728,PRJNA900590,landfill metagenome,other,1.0,1
1729,PRJNA902117,chicken gut metagenome,other,1.0,9
456,PRJNA1130109,gut metagenome,other,1.0,1
1781,PRJNA923779,bird metagenome,other,1.0,4
462,PRJNA1134201,Pseudomonadota,other,1.0,2
1206,PRJNA620708,gut metagenome,other,1.0,1
1207,PRJNA620709,gut metagenome,other,1.0,1
467,PRJNA1135953,feces metagenome,other,1.0,2
435,PRJNA1112970,feces metagenome,other,1.0,2
438,PRJNA1113660,manure metagenome,other,1.0,3
439,PRJNA1114081,synthetic metagenome,other,1.0,5
441,PRJNA1116614,gut metagenome,other,1.0,2
445,PRJNA1119043,mouse gut metagenome,other,1.0,7
461,PRJNA1134201,Bacillota,other,1.0,2
1208,PRJNA620710,gut metagenome,other,1.0,1
1209,PRJNA620713,gut metagenome,other,1.0,1
1558,PRJNA781277,indoor metagenome,other,1.0,2
1107,PRJNA556841,soil metagenome,other,1.0,1
1108,PRJNA557731,feces metagenome,other,1.0,1
1109,PRJNA559079,soil metagenome,other,1.0,2
485,PRJNA1153729,metagenome,other,1.0,16
487,PRJNA1161368,gut metagenome,other,1.0,3
488,PRJNA1161429,soil metagenome,other,1.0,1
259,PRJNA1003242,wastewater metagenome,other,1.0,1
1700,PRJNA874500,chicken gut metagenome,other,1.0,10
1703,PRJNA876047,wastewater metagenome,other,1.0,2
1704,PRJNA876568,mouse gut metagenome,other,1.0,3
1705,PRJNA876956,gut metagenome,other,1.0,1
1694,PRJNA869873,bovine gut metagenome,other,1.0,16
1696,PRJNA872758,gut metagenome,other,1.0,1
474,PRJNA1146574,Acidobacteriota bacterium,other,1.0,6
477,PRJNA1148150,mouse metagenome,other,1.0,7
479,PRJNA1151034,sludge metagenome,other,1.0,2
489,PRJNA1161573,sediment metagenome,other,1.0,1
1159,PRJNA606075,Escherichia coli,other,1.0,2
1160,PRJNA606075,Faecalibacterium prausnitzii,other,1.0,7
1161,PRJNA606075,Ligilactobacillus salivarius,other,1.0,1
1179,PRJNA616396,gut metagenome,other,1.0,1
463,PRJNA1134201,Uroviricota,other,1.0,2
1184,PRJNA620621,soil metagenome,other,1.0,1
1187,PRJNA620635,soil metagenome,other,1.0,1
1191,PRJNA620641,soil metagenome,other,1.0,1
1194,PRJNA620648,soil metagenome,other,1.0,1
451,PRJNA1125719,bovine gut metagenome,other,1.0,1
1130,PRJNA576029,rat gut metagenome,other,1.0,5
1131,PRJNA578561,sludge metagenome,other,1.0,2
1139,PRJNA593263,feces metagenome,other,1.0,1
1768,PRJNA913183,synthetic metagenome,other,1.0,2
1771,PRJNA916364,metagenome,other,1.0,1
1773,PRJNA917055,compost metagenome,other,1.0,9
1774,PRJNA918527,metagenome,other,1.0,4
1776,PRJNA918803,compost metagenome,other,1.0,1
1779,PRJNA922352,metagenome,other,1.0,6
1126,PRJNA573810,sediment metagenome,other,1.0,1
1735,PRJNA902178,Escherichia,other,1.0,2
1740,PRJNA902178,Paraprevotella,other,1.0,2
1745,PRJNA902684,feces metagenome,other,1.0,35
413,PRJNA1088235,bovine gut metagenome,other,1.0,1
415,PRJNA1089934,rat gut metagenome,other,1.0,1
416,PRJNA1090236,metagenome,other,1.0,1
422,PRJNA1097842,mouse gut metagenome,other,1.0,1
1707,PRJNA877267,rat gut metagenome,other,1.0,3
1709,PRJNA879251,metagenome,other,1.0,6
1158,PRJNA606075,Barnesiella intestinihominis,other,1.0,1
1746,PRJNA902833,mouse gut metagenome,other,1.0,1
1750,PRJNA903542,Bifidobacterium,other,1.0,2
1764,PRJNA909856,gut metagenome,other,1.0,2
283,PRJNA1019618,bioreactor metagenome,other,1.0,7
287,PRJNA1019966,bioleaching metagenome,other,1.0,1
407,PRJNA1083038,wildlife metagenome,other,1.0,1
411,PRJNA1086898,Neisseriaceae bacterium,other,1.0,1
1156,PRJNA606075,Bacteroides ovatus,other,1.0,2
1157,PRJNA606075,Bacteroides uniformis,other,1.0,3
424,PRJNA1099934,metagenome,other,1.0,1
959,PRJNA505359,mouse gut metagenome,other,1.0,1
966,PRJNA509305,activated sludge metagenome,other,1.0,1
967,PRJNA509377,rat gut metagenome,other,1.0,9
969,PRJNA511899,feces metagenome,other,1.0,8
972,PRJNA517182,rhizosphere metagenome,other,1.0,7
977,PRJNA518300,soil metagenome,other,1.0,1
921,PRJNA472818,metagenome,other,1.0,1
923,PRJNA475184,feces metagenome,other,1.0,18
1551,PRJNA777737,feces metagenome,other,1.0,13
1352,PRJNA668816,sediment metagenome,other,1.0,2
1353,PRJNA668867,food fermentation metagenome,other,1.0,3
948,PRJNA497801,feces metagenome,other,1.0,1
951,PRJNA502502,soil metagenome,other,1.0,1
955,PRJNA502506,soil metagenome,other,1.0,1
927,PRJNA479518,bird metagenome,other,1.0,3
929,PRJNA482503,metagenome,other,1.0,1
935,PRJNA486009,Escherichia coli,other,1.0,3
937,PRJNA486782,metagenome,other,1.0,7
924,PRJNA477357,metagenome,other,1.0,1
181,PRJEB44278,Bos taurus,other,1.0,1
184,PRJEB45397,gut metagenome,other,1.0,2
185,PRJEB45443,metagenome,other,1.0,8
1005,PRJNA528428,rat gut metagenome,other,1.0,3
1011,PRJNA531081,freshwater sediment metagenome,other,1.0,1
1012,PRJNA531201,canine metagenome,other,1.0,4
1013,PRJNA531627,freshwater metagenome,other,1.0,2
1015,PRJNA531765,wetland metagenome,other,1.0,1
1016,PRJNA531766,wetland metagenome,other,1.0,1
994,PRJNA522848,bovine gut metagenome,other,1.0,6
159,PRJEB40903,feline metagenome,other,1.0,23
1324,PRJNA654800,marine sediment metagenome,other,1.0,1
1325,PRJNA654802,marine sediment metagenome,other,1.0,1
1326,PRJNA654933,soil metagenome,other,1.0,1
1327,PRJNA655594,mouse gut metagenome,other,1.0,4
1330,PRJNA657304,feces metagenome,other,1.0,1
986,PRJNA518548,peat metagenome,other,1.0,1
990,PRJNA518697,soil metagenome,other,1.0,1
992,PRJNA521031,soil metagenome,other,1.0,1
1017,PRJNA531767,wetland metagenome,other,1.0,1
884,PRJNA444898,feces metagenome,other,1.0,1
885,PRJNA444899,feces metagenome,other,1.0,1
886,PRJNA444902,feces metagenome,other,1.0,1
851,PRJNA419985,rat gut metagenome,other,1.0,16
863,PRJNA435511,fermentation metagenome,other,1.0,6
1355,PRJNA669653,synthetic metagenome,other,1.0,4
1357,PRJNA672704,aquatic metagenome,other,1.0,1
1359,PRJNA673878,chicken gut metagenome,other,1.0,5
939,PRJNA488629,fossil metagenome,other,1.0,1
1369,PRJNA678365,chicken gut metagenome,other,1.0,7
905,PRJNA446061,feces metagenome,other,1.0,1
906,PRJNA448333,bovine gut metagenome,other,1.0,6
908,PRJNA449069,gut metagenome,other,1.0,5
911,PRJNA450906,gut metagenome,other,1.0,7
212,PRJEB51122,primate metagenome,other,1.0,21
1099,PRJNA542998,feces metagenome,other,1.0,5
1103,PRJNA546227,metagenome,other,1.0,39
1227,PRJNA621341,rhizosphere metagenome,other,1.0,1
1364,PRJNA675467,Gallus gallus,other,1.0,4
943,PRJNA493884,gut metagenome,other,1.0,9
946,PRJNA496479,gut metagenome,other,1.0,15
196,PRJEB47609,chicken gut metagenome,other,1.0,89
215,PRJEB52295,metagenome,other,1.0,3
887,PRJNA444903,feces metagenome,other,1.0,1
888,PRJNA444904,feces metagenome,other,1.0,1
889,PRJNA444905,feces metagenome,other,1.0,1
890,PRJNA444906,feces metagenome,other,1.0,1
1331,PRJNA657304,fossil metagenome,other,1.0,1
883,PRJNA444897,feces metagenome,other,1.0,1
1336,PRJNA658643,feces metagenome,other,1.0,3
1344,PRJNA663744,mouse gut metagenome,other,1.0,1
1347,PRJNA666025,mine tailings metagenome,other,1.0,1
218,PRJEB52550,sediment metagenome,other,1.0,1
220,PRJEB52881,metagenome,other,1.0,14
222,PRJEB55329,Severe acute respiratory syndrome coronavirus 2,other,1.0,1
223,PRJEB55470,Campylobacter jejuni,other,1.0,1
225,PRJEB58699,Mus musculus,other,1.0,9
917,PRJNA469977,rat gut metagenome,other,1.0,5
1335,PRJNA658643,chicken gut metagenome,other,1.0,6
328,PRJNA1029120,soil metagenome,other,1.0,1
1150,PRJNA603829,mouse metagenome,other,1.0,6
1152,PRJNA606075,Agathobacter rectalis,other,1.0,13
1153,PRJNA606075,Alistipes onderdonkii,other,1.0,1
1154,PRJNA606075,Bacteroides caccae,other,1.0,1
33,PRJEB16317,metagenome,other,1.0,1
1266,PRJNA640378,groundwater metagenome,other,1.0,1
1269,PRJNA641579,sheep gut metagenome,other,1.0,4
947,PRJNA497508,metagenome,other,1.0,1
189,PRJEB46212,feces metagenome,other,1.0,1
191,PRJEB46763,metagenome,other,1.0,4
1854,PRJNA972113,soil metagenome,other,1.0,1
1856,PRJNA973817,metagenome,other,1.0,14
1857,PRJNA974556,feces metagenome,other,1.0,5
1858,PRJNA974560,Mus musculus,other,1.0,1
19,PRJEB13595,gut metagenome,other,1.0,33
6,PRJDB15857,mouse gut metagenome,other,1.0,1
1164,PRJNA606075,Ruminococcus sp. 5_1_39BFAA,other,1.0,4
188,PRJEB46131,metagenome,other,1.0,3
1879,PRJNA988937,chicken gut metagenome,other,1.0,5
1882,PRJNA991262,chicken gut metagenome,other,1.0,1
1883,PRJNA994039,canine metagenome,other,1.0,1
1884,PRJNA994183,canine metagenome,other,1.0,30
353,PRJNA1029232,wastewater metagenome,other,1.0,1
352,PRJNA1029205,wastewater metagenome,other,1.0,1
349,PRJNA1029198,wastewater metagenome,other,1.0,1
345,PRJNA1029148,soil metagenome,other,1.0,1
339,PRJNA1029136,soil metagenome,other,1.0,1
1838,PRJNA955930,gut metagenome,other,1.0,3
1859,PRJNA975618,metagenome,other,1.0,1
1846,PRJNA967004,anaerobic digester metagenome,other,1.0,1
1847,PRJNA967168,marine metagenome,other,1.0,2
1848,PRJNA970717,canine metagenome,other,1.0,6
1851,PRJNA972095,soil metagenome,other,1.0,1
1828,PRJNA948024,manure metagenome,other,1.0,1
1831,PRJNA950991,metagenome,other,1.0,4
1833,PRJNA952896,whole organism metagenome,other,1.0,1
1834,PRJNA954163,rat gut metagenome,other,1.0,1
1169,PRJNA606075,Subdoligranulum sp. PS318,other,1.0,1
1286,PRJNA650761,wetland metagenome,other,1.0,1
1287,PRJNA650764,wetland metagenome,other,1.0,1
980,PRJNA518410,soil metagenome,other,1.0,1
192,PRJEB46806,Gallus gallus,other,1.0,34
193,PRJEB47041,metagenome,other,1.0,7
1027,PRJNA532626,Diceros bicornis,other,1.0,1
1028,PRJNA532645,metagenome,other,1.0,1
1030,PRJNA533726,food metagenome,other,1.0,1
336,PRJNA1029132,soil metagenome,other,1.0,1
1270,PRJNA641984,mouse metagenome,other,1.0,8
1271,PRJNA642723,gut metagenome,other,1.0,27
1276,PRJNA646752,metagenome,other,1.0,1
1278,PRJNA647269,gut metagenome,other,1.0,2
1282,PRJNA649861,mouse gut metagenome,other,1.0,6
978,PRJNA518306,soil metagenome,other,1.0,1
201,PRJEB47977,metagenome,other,1.0,4
204,PRJEB49064,sediment metagenome,other,1.0,1
209,PRJEB50408,metagenome,other,1.0,1
1031,PRJNA533779,groundwater metagenome,other,1.0,4
308,PRJNA1029082,soil metagenome,other,1.0,1
312,PRJNA1029086,soil metagenome,other,1.0,1
1890,PRJNA997821,metagenome,other,1.0,3
152,PRJEB40312,Mus musculus,other,1.0,5
1023,PRJNA531777,wetland metagenome,other,1.0,1
1024,PRJNA531778,wetland metagenome,other,1.0,1
1025,PRJNA531779,wetland metagenome,other,1.0,1
1240,PRJNA624740,gut metagenome,other,1.0,5
1243,PRJNA625582,air metagenome,other,1.0,2
162,PRJEB41104,Gallus gallus,other,1.0,7
1246,PRJNA627182,food fermentation metagenome,other,1.0,5
1250,PRJNA630144,gut metagenome,other,1.0,1
1251,PRJNA630804,wastewater metagenome,other,1.0,1
1252,PRJNA630805,wastewater metagenome,other,1.0,1
1253,PRJNA630806,wastewater metagenome,other,1.0,1
1254,PRJNA630807,wastewater metagenome,other,1.0,1
1255,PRJNA631602,gut metagenome,other,1.0,4
1264,PRJNA637365,feces metagenome,other,1.0,9
160,PRJEB40903,mouse gut metagenome,other,1.0,1
1245,PRJNA627084,wastewater metagenome,other,1.0,1
231,PRJEB62783,mouse gut metagenome,other,1.0,5
234,PRJEB63360,air metagenome,other,1.0,1
235,PRJEB63360,clothing metagenome,other,1.0,4
1506,PRJNA760892,mouse gut metagenome,other,1.0,5
1507,PRJNA761533,metagenome,other,1.0,2
1511,PRJNA763692,bacterium,other,1.0,3
704,PRJNA365731,freshwater metagenome,other,1.0,1
711,PRJNA365985,rhizosphere metagenome,other,1.0,1
1230,PRJNA621561,soil metagenome,other,1.0,1
1519,PRJNA768553,bioreactor sludge metagenome,other,1.0,1
1520,PRJNA768554,bioreactor sludge metagenome,other,1.0,1
762,PRJNA375576,rhizosphere metagenome,other,1.0,1
767,PRJNA375642,freshwater metagenome,other,1.0,1
770,PRJNA375645,freshwater metagenome,other,1.0,1
771,PRJNA375658,rhizosphere metagenome,other,1.0,1
774,PRJNA375663,rhizosphere metagenome,other,1.0,1
746,PRJNA375319,activated sludge metagenome,other,1.0,1
747,PRJNA375323,activated sludge metagenome,other,1.0,1
1518,PRJNA768541,bioreactor sludge metagenome,other,1.0,1
120,PRJEB35173,Neisseria gonorrhoeae,other,1.0,1
237,PRJEB63360,poultry litter metagenome,other,1.0,106
791,PRJNA385831,wastewater metagenome,other,1.0,1
792,PRJNA386403,Rattus norvegicus,other,1.0,6
793,PRJNA386422,feces metagenome,other,1.0,5
124,PRJEB35849,Cervus albirostris,other,1.0,1
125,PRJEB35849,Cervus nippon,other,1.0,3
1478,PRJNA741606,gut metagenome,other,1.0,4
1481,PRJNA745436,metagenome,other,1.0,1
230,PRJEB61039,gut metagenome,other,1.0,1
1489,PRJNA750156,feces metagenome,other,1.0,1
728,PRJNA367156,rhizosphere metagenome,other,1.0,1
737,PRJNA368379,soil metagenome,other,1.0,1
739,PRJNA368381,soil metagenome,other,1.0,1
740,PRJNA368382,soil metagenome,other,1.0,1
781,PRJNA375673,rhizosphere metagenome,other,1.0,1
782,PRJNA375674,rhizosphere metagenome,other,1.0,1
784,PRJNA375762,chicken gut metagenome,other,1.0,2
786,PRJNA378243,anaerobic digester metagenome,other,1.0,1
1486,PRJNA749165,metagenome,other,1.0,1
635,PRJNA364906,soil metagenome,other,1.0,1
640,PRJNA364913,soil metagenome,other,1.0,1
646,PRJNA365070,soil metagenome,other,1.0,1
647,PRJNA365413,rhizosphere metagenome,other,1.0,1
108,PRJEB33675,metagenome,other,1.0,41
1521,PRJNA768555,bioreactor sludge metagenome,other,1.0,1
1522,PRJNA768556,bioreactor sludge metagenome,other,1.0,1
1523,PRJNA768557,bioreactor sludge metagenome,other,1.0,1
748,PRJNA375324,activated sludge metagenome,other,1.0,1
1525,PRJNA768559,bioreactor sludge metagenome,other,1.0,1
1526,PRJNA768561,bioreactor sludge metagenome,other,1.0,1
1527,PRJNA768564,bioreactor sludge metagenome,other,1.0,1
1549,PRJNA773861,feces metagenome,other,1.0,6
1550,PRJNA776090,soil metagenome,other,1.0,1
8,PRJDB18588,mouse gut metagenome,other,1.0,4
1552,PRJNA778925,feces metagenome,other,1.0,6
1554,PRJNA779163,bovine gut metagenome,other,1.0,3
1557,PRJNA779845,gut metagenome,other,1.0,18
1524,PRJNA768558,bioreactor sludge metagenome,other,1.0,1
1528,PRJNA768565,bioreactor sludge metagenome,other,1.0,1
1529,PRJNA768566,bioreactor sludge metagenome,other,1.0,1
1530,PRJNA768567,bioreactor sludge metagenome,other,1.0,1
680,PRJNA365518,rhizosphere metagenome,other,1.0,1
681,PRJNA365519,rhizosphere metagenome,other,1.0,1
686,PRJNA365524,rhizosphere metagenome,other,1.0,1
689,PRJNA365527,rhizosphere metagenome,other,1.0,1
695,PRJNA365533,rhizosphere metagenome,other,1.0,1
664,PRJNA365502,rhizosphere metagenome,other,1.0,1
101,PRJEB32732,metagenome,other,1.0,21
743,PRJNA375193,soil metagenome,other,1.0,1
722,PRJNA366460,gut metagenome,other,1.0,1
723,PRJNA366463,gut metagenome,other,1.0,1
725,PRJNA366768,marine sediment metagenome,other,1.0,1
1496,PRJNA754019,gut metagenome,other,1.0,1
1498,PRJNA755985,feces metagenome,other,1.0,1
1535,PRJNA768575,bioreactor sludge metagenome,other,1.0,1
1537,PRJNA768586,bioreactor sludge metagenome,other,1.0,1
1538,PRJNA768587,bioreactor sludge metagenome,other,1.0,1
742,PRJNA375189,soil metagenome,other,1.0,1
1383,PRJNA686811,bovine gut metagenome,other,1.0,4
1385,PRJNA687298,sludge metagenome,other,1.0,22
1388,PRJNA688069,chicken gut metagenome,other,1.0,2
1389,PRJNA688070,chicken gut metagenome,other,1.0,2
837,PRJNA406043,soil metagenome,other,1.0,1
827,PRJNA405525,feces metagenome,other,1.0,1
829,PRJNA405529,soil metagenome,other,1.0,1
831,PRJNA406027,rhizosphere metagenome,other,1.0,1
1468,PRJNA736825,bovine gut metagenome,other,1.0,7
1424,PRJNA708965,bioreactor sludge metagenome,other,1.0,1
1426,PRJNA708972,bioreactor sludge metagenome,other,1.0,3
1427,PRJNA708973,bioreactor sludge metagenome,other,1.0,1
1428,PRJNA712972,mouse gut metagenome,other,1.0,5
164,PRJEB41171,mixed sample,other,1.0,2
167,PRJEB41538,metagenome,other,1.0,3
1072,PRJNA539662,bovine gut metagenome,other,1.0,2
1077,PRJNA539697,soil metagenome,other,1.0,1
1080,PRJNA539708,soil metagenome,other,1.0,1
1423,PRJNA708964,bioreactor sludge metagenome,other,1.0,2
1234,PRJNA622215,sediment metagenome,other,1.0,1
891,PRJNA444907,feces metagenome,other,1.0,1
892,PRJNA444908,feces metagenome,other,1.0,1
1373,PRJNA682232,rat gut metagenome,other,1.0,4
131,PRJEB37430,metagenome,other,1.0,5
133,PRJEB37845,macroalgae metagenome,other,1.0,2
136,PRJEB38078,Felis catus,other,1.0,2
138,PRJEB38174,unidentified,other,1.0,13
871,PRJNA441485,soil metagenome,other,1.0,1
145,PRJEB39465,mouse gut metagenome,other,1.0,1
846,PRJNA417962,Erysipelotrichaceae bacterium,other,1.0,1
847,PRJNA417962,Porphyromonadaceae bacterium,other,1.0,1
848,PRJNA418244,bioreactor metagenome,other,1.0,1
849,PRJNA418866,freshwater metagenome,other,1.0,6
850,PRJNA419744,gut metagenome,other,1.0,2
1392,PRJNA690892,feces metagenome,other,1.0,7
1393,PRJNA691704,lagoon metagenome,other,1.0,2
139,PRJEB38528,gut metagenome,other,1.0,1
141,PRJEB38650,metagenome,other,1.0,1
845,PRJNA417962,Collinsella sp.,other,1.0,2
130,PRJEB36405,metagenome,other,1.0,6
1446,PRJNA725613,gut metagenome,other,1.0,1
1447,PRJNA726763,air metagenome,other,1.0,2
778,PRJNA375668,rhizosphere metagenome,other,1.0,1
1429,PRJNA714112,gut metagenome,other,1.0,13
800,PRJNA390686,mouse gut metagenome,other,1.0,1
804,PRJNA397041,chicken gut metagenome,other,1.0,5
805,PRJNA397450,gut metagenome,other,1.0,3
810,PRJNA404204,soil metagenome,other,1.0,1
1083,PRJNA539712,soil metagenome,other,1.0,1
815,PRJNA405205,soil metagenome,other,1.0,1
816,PRJNA405206,soil metagenome,other,1.0,1
1454,PRJNA728888,metagenome,other,1.0,1
1458,PRJNA730677,feces metagenome,other,1.0,1
1459,PRJNA730932,metagenome,other,1.0,1
1461,PRJNA732239,metagenome,other,1.0,17
1463,PRJNA733458,gut metagenome,other,1.0,5
1464,PRJNA733692,metagenome,other,1.0,1
1467,PRJNA735448,mouse gut metagenome,other,1.0,6
811,PRJNA404205,soil metagenome,other,1.0,1
1084,PRJNA539713,soil metagenome,other,1.0,1
1433,PRJNA718910,wastewater metagenome,other,1.0,2
1434,PRJNA719224,mouse gut metagenome,other,1.0,2
1435,PRJNA719719,air metagenome,other,1.0,2
1436,PRJNA719719,metagenome,other,1.0,1
1437,PRJNA721429,rat metagenome,other,1.0,7
1439,PRJNA722397,gut metagenome,other,1.0,13
1440,PRJNA722684,feces metagenome,other,1.0,23
1441,PRJNA723028,feces metagenome,other,1.0,1
129,PRJEB35979,aerosol metagenome,other,1.0,2
1401,PRJNA692773,gut metagenome,other,1.0,3
1403,PRJNA693524,gut metagenome,other,1.0,5
1409,PRJNA695407,metagenome,other,1.0,1
1412,PRJNA698986,metagenome,other,1.0,1
817,PRJNA405208,soil metagenome,other,1.0,1
820,PRJNA405212,soil metagenome,other,1.0,1
821,PRJNA405457,rhizosphere metagenome,other,1.0,1
126,PRJEB35849,Elaphurus davidianus,other,1.0,2
127,PRJEB35849,Rusa unicolor,other,1.0,1
1400,PRJNA692044,rat gut metagenome,other,1.0,6
