organism,bioproject,manual_cur,count
gut metagenome,PRJNA217052,mix,13583
bacterium,PRJEB20308,mix,12333
,PRJNA642723,human,6761
metagenome,PRJNA1004982,human,6150
,PRJEB31632,hospital bed,5709
metagenome,PRJEB28097,human,5625
unidentified,PRJEB40383,mix,5399
metagenome,PRJNA943687,human,5287
metagenome,PRJNA758252,human,5042
gut metagenome,PRJEB8094,human,4983
,PRJEB44559,human,4679
gut metagenome,PRJEB39223,human,4392
gut metagenome,PRJEB32631,human,4363
,PRJNA699281,human,3871
gut metagenome,PRJEB34871,human,3779
,PRJEB28237,human,3291
,PRJEB13595,mix,3112
,PRJNA1072081,human,3024
gut metagenome,PRJNA1082665,other,3005
,PRJNA996750,murine,2964
feces metagenome,PRJNA763692,human,2768
gut metagenome,PRJNA656389,other,2743
gut metagenome,PRJNA1139229,human,2682
feces metagenome,PRJNA915251,human,2647
,PRJEB42019,mix,2614
metagenome,PRJNA682246,human,2524
gut metagenome,PRJEB24041,human,2497
feces metagenome,PRJEB58441,other,2347
gut metagenome,PRJNA528511,human,2135
feces metagenome,PRJNA1130110,human,1980
,PRJEB39610,human,1914
gut metagenome,PRJNA723432,human,1910
feces metagenome,PRJEB37731,human,1879
,PRJNA715658,chicken,1750
metagenome,PRJNA755324,human,1749
gut metagenome,PRJEB22973,human,1692
metagenome,PRJEB22062,pig or chicken,1664
gut metagenome,PRJNA820119,human,1600
,PRJNA1121316,human,1568
metagenome,PRJEB40095,mouse,1548
,PRJEB39861,anearobic digestor,1517
gut metagenome,PRJNA945408,human,1512
gut metagenome,PRJNA728374,human,1510
gut metagenome,PRJNA739008,human,1497
gut metagenome,PRJEB14847,human,1488
,PRJEB29238,freshwater,1467
,PRJEB9403,human,1462
gut metagenome,PRJNA657455,human,1461
metagenome,PRJNA841806,human,1405
,PRJNA997801,cheese,1400
,PRJNA997821,cheese,1400
gut metagenome,PRJNA613947,human,1392
metagenome,PRJNA675598,human,1313
metagenome,PRJNA685797,human,1289
metagenome,PRJNA686265,human,1279
metagenome,PRJEB6337,human,1239
,PRJEB45443,human,1224
metagenome,PRJEB47458,human,1204
,PRJNA684454,mix,1185
,PRJNA671748,outdoor,1183
,PRJNA546227,human,1172
gut metagenome,PRJNA1177009,human,1144
metagenome,PRJNA995807,human,1131
metagenome,PRJEB26357,human,1123
,PRJEB52753,soil,1111
feces metagenome,PRJEB30834,human,1068
metagenome,PRJNA824667,other,1062
feces metagenome,PRJNA528960,human,1017
,PRJNA964705,mix,991
metagenome,PRJNA716780,human,976
gut metagenome,PRJNA259274,primate,972
feces metagenome,PRJNA779106,pig,937
,PRJNA884103,human,930
,PRJNA745329,human,914
,PRJEB42966,mouse,890
gut metagenome,PRJNA758208,human,890
feces metagenome,PRJNA769968,human,887
gut metagenome,PRJEB26961,pig,880
metagenome,PRJEB15179,human,880
feces metagenome,PRJNA662107,human,880
metagenome,PRJNA692042,primate,864
metagenome,PRJEB51501,other,848
gut metagenome,PRJNA925857,human,831
feces metagenome,PRJNA491335,human,825
feces metagenome,PRJNA650228,human,820
feces metagenome,PRJNA1002411,human,816
metagenome,PRJEB39500,human,812
,PRJNA873262,water,809
gut metagenome,PRJNA994318,human,800
,PRJNA761116,mouse,799
gut metagenome,PRJNA703757,human,799
metagenome,PRJNA999635,human,792
,PRJNA877821,human,789
metagenome,PRJEB13870,human,784
,PRJNA542998,mouse,779
gut metagenome,PRJEB23010,other,776
metagenome,PRJEB62817,human,772
,PRJNA1071720,human,768
,PRJNA563204,murine,754
metagenome,PRJEB49428,human,741
,PRJNA1112983,human,740
feces metagenome,PRJNA524170,human,738
,PRJEB53597,unknown,731
gut metagenome,PRJNA686835,human,728
,PRJEB42399,human,718
,PRJEB31298,mouse,708
gut metagenome,PRJEB42363,human,707
metagenome,PRJNA728908,human,704
,PRJEB45397,human,704
,PRJNA1077927,mouse,702
gut metagenome,PRJNA1082632,human,694
metagenome,PRJEB14155,other,688
,PRJNA477424,panda,684
feces metagenome,PRJEB29127,human,684
,PRJNA1130109,human,683
,PRJNA911205,human,677
feces metagenome,PRJNA1006089,human,676
,PRJNA844538,water,673
gut metagenome,PRJNA1148078,human,672
,PRJNA1086397,mouse,663
,PRJNA757579,mouse,647
gut metagenome,PRJNA412411,human,644
metagenome,PRJEB70508,human,637
feces metagenome,PRJNA539933,human,636
metagenome,PRJNA634666,human,632
gut metagenome,PRJEB25008,human,623
,PRJNA880558,mouse,620
,PRJNA734131,human,609
,PRJEB61294,other,598
,PRJEB40995,human,598
,PRJNA747032,mix,596
gut metagenome,PRJEB40628,human,596
,PRJNA1126668,mix,592
feces metagenome,PRJEB32834,human,590
,PRJNA671703,dairy farm,590
,PRJNA678871,mix,586
,PRJNA821237,human,581
,PRJEB57214,mouse,579
metagenome,PRJEB11852,human,578
,PRJNA722771,,578
metagenome,PRJEB35816,human,577
,PRJEB47445,human,568
,PRJEB52881,human,556
,PRJNA860656,human,552
,PRJNA454826,human,551
,PRJEB58777,,546
,PRJNA831632,,541
,PRJNA788958,horse,540
feces metagenome,PRJEB29373,human,536
gut metagenome,PRJNA668357,human,534
feces metagenome,PRJNA562600,human,530
gut metagenome,PRJNA872328,human,529
feces metagenome,PRJEB39685,pig/other,528
gut metagenome,PRJNA904924,human,528
,PRJNA954584,human,528
,PRJNA544874,mouse,515
,PRJNA948024,dairy ,515
,PRJEB58786,,515
metagenome,PRJNA1137832,other,514
,PRJNA532645,human,510
feces metagenome,PRJNA983093,human,505
,PRJEB42282,mouse,504
,PRJNA706060,human,504
metagenome,PRJNA890008,human,500
metagenome,PRJNA939514,human,500
feces metagenome,PRJNA741822,human,492
,PRJNA518912,,486
,PRJNA389927,human,485
,PRJNA739858,human,484
,PRJEB72433,human,482
,PRJEB21259,,480
,PRJNA725899,murine,479
,PRJNA646095,,477
gut metagenome,PRJNA723218,other,476
,PRJNA873083,human,475
gut metagenome,PRJEB50568,human,467
,PRJNA739170,human,462
,PRJNA706116,human,461
,PRJNA375935,human,455
metagenome,PRJNA625520,human,455
,PRJNA397450,human,453
,PRJNA955235,,450
gut metagenome,PRJNA485056,human,447
,PRJNA1138429,human,446
feces metagenome,PRJNA902684,human,440
,PRJEB18675,,438
,PRJNA685168,human,436
,PRJNA995885,other,429
,PRJNA855455,,427
,PRJNA637878,human,427
,PRJNA928211,human,418
gut metagenome,PRJNA862077,human,416
,PRJNA689669,,416
,PRJNA987743,cattle,412
gut metagenome,PRJNA738608,human,407
,PRJNA918651,human,406
,PRJNA1088536,cattle,403
,PRJNA1085219,,403
,PRJNA887742,,402
,PRJNA532456,,402
,PRJNA1030894,rodent,400
metagenome,PRJNA1165922,human,400
,PRJNA983521,rumen,396
,PRJNA514108,human,395
,PRJNA944403,human,395
feces metagenome,PRJNA637365,human,394
,PRJNA1071073,,394
,PRJNA748262,,389
gut metagenome,PRJNA1002577,human,388
,PRJEB25954,human,386
,PRJNA739024,,386
feces metagenome,PRJEB22175,human,384
gut metagenome,PRJNA644666,human,384
feces metagenome,PRJNA811727,human,384
,PRJEB43044,human,384
,PRJEB18041,human,383
,PRJNA865096,,381
,PRJNA624763,human,380
,PRJEB18063,,380
,PRJNA687411,,379
,PRJNA762360,human,376
,PRJEB26472,,374
,PRJNA589622,human,373
feces metagenome,PRJNA722129,human,372
,PRJEB28384,human,372
metagenome,PRJEB38000,human,371
,PRJNA1153729,dairy farm,368
,PRJEB7866,,365
,PRJNA590225,,364
,PRJNA647523,human,360
,PRJNA1029994,human,360
,PRJNA613182,,360
,PRJNA988023,turkey,359
feces metagenome,PRJNA557731,human,359
,PRJNA1164203,primate,354
,PRJEB19935,,353
,PRJNA1100783,,353
,PRJNA807392,,350
,PRJNA474710,,350
,PRJNA884688,,350
metagenome,PRJEB62878,pig/other,348
,PRJNA1178105,,345
,PRJEB52498,,340
feces metagenome,PRJNA541083,human,335
,PRJNA667550,cattle,335
,PRJNA732239,chicken,334
,PRJNA742139,,334
feces metagenome,PRJNA773596,human,332
,PRJNA841246,,332
,PRJNA813429,,332
,PRJNA982297,,330
,PRJEB22491,,329
,PRJEB41866,,329
,PRJNA883728,,327
,PRJEB47975,human,326
,PRJNA728888,,325
,PRJEB25223,,323
,PRJNA433459,human,320
,PRJNA765392,cattle,320
,PRJEB12502,,320
metagenome,PRJNA734720,other,316
feces metagenome,PRJNA782533,human,316
,PRJNA761967,chicken,315
,PRJEB17643,human,314
,PRJNA486782,,314
,PRJNA938297,human,311
gut metagenome,PRJEB32496,pig/other,308
,PRJNA1016375,,307
feces metagenome,PRJNA613834,human,304
,PRJNA991155,,304
,PRJNA1088414,,301
,PRJEB66294,,299
,PRJEB58787,,297
,PRJNA779578,deer,297
feces metagenome,PRJNA347511,human,296
gut metagenome,PRJNA421881,human,296
metagenome,PRJNA793774,human,296
,PRJEB48897,human,296
,PRJEB17637,chicken,286
,PRJEB41865,,285
metagenome,PRJNA928744,human,284
,PRJNA824068,human,284
,PRJNA663786,,284
,PRJNA749141,,284
,PRJNA494824,human,283
,PRJEB14051,sewage,280
gut metagenome,PRJNA1096289,human,280
,PRJNA835523,,280
feces metagenome,PRJNA1148628,human,279
,PRJEB11419,,278
,PRJNA448773,,278
,PRJNA1147664,,277
,PRJNA698754,,277
,PRJNA698459,human,276
,PRJNA1011525,,275
,PRJNA1040852,,274
,PRJNA646752,,274
,PRJNA1101587,human,272
,PRJNA922379,,272
,PRJNA1121295,human,271
,PRJNA683158,chicken,270
,PRJEB44552,,269
,PRJNA774076,,269
gut metagenome,PRJNA494875,pig,268
gut metagenome,PRJNA1008138,human,268
,PRJEB28158,,264
,PRJNA824056,,264
,PRJNA899808,,263
,PRJEB66265,,262
feces metagenome,PRJNA913183,human,260
,PRJEB54966,,260
,PRJNA835516,human,259
,PRJNA1010388,,259
feces metagenome,PRJNA432958,human,256
,PRJNA998844,horse,256
,PRJEB21076,poultry,255
,PRJEB51056,human,255
,PRJEB45363,,253
,PRJNA786485,murine,252
,PRJNA931814,human,252
,PRJNA827603,human,252
,PRJNA691897,,252
,PRJNA905698,,251
,PRJNA612045,,250
,PRJNA942254,mammal,249
,PRJEB33194,,249
,PRJEB47977,horse,248
,PRJEB47041,,248
,PRJNA846291,,247
,PRJNA881785,,245
,PRJNA649273,human,244
,PRJEB33013,human,244
,PRJNA1084095,,244
,PRJNA836960,,244
,PRJNA545247,,241
,PRJNA545794,,241
feces metagenome,PRJNA770101,human,240
,PRJNA1079906,human,240
,PRJEB41222,unknown,240
,PRJNA894204,human,240
,PRJEB14038,human,239
,PRJNA948536,,239
,PRJNA950991,,238
,PRJNA892575,,237
,PRJEB27206,,237
,PRJEB38528,,237
,PRJEB32732,unknown,236
,PRJNA754019,,236
,PRJNA741607,,236
,PRJNA768409,human,234
,PRJNA1063508,human,233
,PRJNA1035987,poultry,232
,PRJNA1168703,,232
,PRJNA901926,,232
,PRJEB52388,,231
feces metagenome,PRJNA491626,human,230
,PRJEB62780,,230
feces metagenome,PRJNA1135953,human,228
feces metagenome,PRJNA393237,human,228
,PRJNA1175072,,228
,PRJNA757365,,228
,PRJNA1124588,,227
,PRJNA749124,,227
feces metagenome,PRJNA1065277,human,226
,PRJEB28553,,226
,PRJNA819232,,225
,PRJNA875893,,224
,PRJNA825831,,223
,PRJNA808661,,221
,PRJNA763503,human,219
,PRJEB45815,murine,216
,PRJNA764588,,216
,PRJNA781406,,216
,PRJEB23147,,215
,PRJNA885137,human/murine,212
,PRJNA850266,,212
feces metagenome,PRJEB59119,pig/other,208
,PRJNA974556,,208
,PRJEB48101,,207
,PRJNA1060911,,207
,PRJNA768298,human,206
feces metagenome,PRJNA983076,human,205
,PRJNA635116,apes,204
,PRJNA1007579,,204
,PRJEB66261,,204
,PRJNA813350,,203
,PRJNA898082,,203
,PRJNA1045967,,203
,PRJNA785979,mix,200
,PRJNA504891,human,200
,PRJNA607332,,200
,PRJNA1164032,,200
,PRJNA755428,,200
,PRJEB12831,,198
,PRJEB32444,,198
,PRJNA1111312,human,198
,PRJNA660264,,197
,PRJNA828263,,197
,PRJNA733692,,197
,PRJNA693652,,197
,PRJNA973817,,197
,PRJEB44146,,196
,PRJNA760800,,196
,PRJNA853814,human,196
,PRJNA418044,,196
,PRJNA788491,,196
,PRJNA1006674,,195
,PRJNA546135,,195
,PRJNA475184,panda,194
gut metagenome,PRJNA947933,human,194
,PRJNA451186,,193
,PRJNA761454,,193
,PRJEB55125,,193
,PRJNA942468,human,192
,PRJNA271618,,192
,PRJEB38650,,192
,PRJNA962119,,192
,PRJEB39306,,192
,PRJNA603266,,192
,PRJNA477357,,191
,PRJNA824338,,189
,PRJNA608547,,189
,PRJNA997075,monkey,188
,PRJNA493884,,187
,PRJEB14374,,185
,PRJEB32560,,184
,PRJEB28847,,184
,PRJEB29152,,182
,PRJNA560212,,181
metagenome,PRJNA526405,pig,180
feces metagenome,PRJNA818062,human,180
,PRJEB25210,toilet,180
,PRJNA1097007,,180
,PRJEB42061,,179
,PRJNA750309,,179
,PRJNA779845,,177
,PRJEB9661,,177
,PRJEB25514,human,176
,PRJNA746430,camel,176
,PRJNA934363,,175
,PRJNA986701,,175
,PRJNA810575,,175
,PRJNA927010,,173
,PRJEB13833,sewage,172
,PRJEB21624,cattle,172
,PRJNA552463,,172
,PRJNA598881,,172
,PRJEB14814,mix,171
,PRJNA611521,,171
,PRJNA741606,goat,170
,PRJEB14718,,170
,PRJNA781418,,170
,PRJNA1021363,,169
,PRJNA687536,,169
,PRJEB28482,,168
,PRJNA994900,,168
,PRJNA1076911,,168
,PRJNA613381,,168
gut metagenome,PRJNA691978,pig/other,167
,PRJEB22032,human,166
,PRJNA454892,,166
,PRJNA861836,,166
,PRJNA436562,,165
,PRJNA1070846,murine,164
,PRJNA1092791,,164
feces metagenome,PRJNA730677,human,163
,PRJNA1116614,cattle,162
,PRJNA1104421,,162
,PRJNA495173,,161
gut metagenome,PRJEB22765,other,160
gut metagenome,PRJNA849338,other,160
,PRJNA436633,monkey,160
,PRJEB32231,,160
,PRJNA944152,human,160
,PRJNA725409,,160
,PRJNA722397,,160
,PRJNA900227,,160
,PRJNA533038,,160
,PRJNA438199,,159
,PRJNA615114,,159
,PRJNA524271,,159
feces metagenome,PRJNA663646,human,158
,PRJNA532310,,158
,PRJEB40903,,158
,PRJEB12987,chickne,157
,PRJNA788656,,157
,PRJNA1025926,human,156
,PRJNA1073739,cattle,156
,PRJNA773920,,156
,PRJNA1135155,human,156
,PRJNA399742,,156
,PRJNA507269,,155
,PRJNA496479,,155
,PRJEB34573,,155
,PRJNA595703,,154
,PRJEB52295,,154
feces metagenome,PRJEB42464,other,153
,PRJNA750063,primate,152
,PRJEB14741,,152
,PRJNA849795,,152
,PRJNA693684,,152
feces metagenome,PRJNA756556,human,150
,PRJNA1052614,,150
,PRJNA386503,,150
feces metagenome,PRJNA1026631,human,149
,PRJNA727554,,149
,PRJNA886719,,148
,PRJNA877100,,148
feces metagenome,PRJNA511899,human,147
,PRJNA1133055,,147
,PRJNA940122,,147
feces metagenome,PRJNA947193,human,145
metagenome,PRJEB34736,pig,144
,PRJNA427653,mix,144
,PRJEB1690,human,144
feces metagenome,PRJNA809514,human,144
,PRJEB4391,cat,144
,PRJEB24843,,144
feces metagenome,PRJNA861020,human,143
,PRJEB12000,,143
,PRJNA932130,,143
,PRJNA612291,human,142
,PRJNA723283,,140
,PRJNA722684,moose,139
,PRJNA714112,,139
,PRJNA726965,,139
,PRJNA774492,,139
,PRJEB26474,,138
,PRJNA730640,,138
,PRJNA719915,,137
,PRJNA445389,,136
,PRJNA678578,,136
,PRJNA529487,,136
,PRJNA1102991,,135
,PRJEB12287,,134
,PRJNA1121900,,134
,PRJNA644754,,134
,PRJEB13117,,133
,PRJNA587635,,133
,PRJEB33577,,133
,PRJEB42020,,132
,PRJNA996188,,131
,PRJNA497963,,130
,PRJNA989085,,130
,PRJNA834842,,129
,PRJEB20796,mouse,128
,PRJNA480881,,128
,PRJEB34231,,128
,PRJNA861285,,128
,PRJNA674340,,128
feces metagenome,PRJNA894152,human,127
,PRJNA655567,,127
,PRJNA1182286,,126
,PRJNA856701,,126
,PRJEB55072,,124
,PRJNA1130143,,124
,PRJNA626477,,124
,PRJEB38606,,124
,PRJNA883215,,124
,PRJEB26473,,123
,PRJEB33675,,123
,PRJEB60423,,123
,PRJNA1014500,,123
,PRJNA631724,,123
,PRJEB41538,,123
,PRJNA788644,,122
,PRJNA995622,,122
,PRJNA929645,,122
feces metagenome,PRJNA1151203,human,120
feces metagenome,PRJNA593263,human,120
,PRJNA392516,cattle,120
,PRJNA799478,ape,120
,PRJEB42320,,120
,PRJNA823538,,120
,PRJNA813705,,120
,PRJNA1131156,,120
,PRJNA981159,,120
,PRJNA1158499,,120
,PRJNA755346,,120
,PRJNA878467,,120
,PRJEB40014,,120
,PRJNA821272,,120
,PRJNA300602,,119
,PRJNA758357,,119
,PRJEB52921,,118
,PRJNA679884,,118
,PRJNA1131093,,118
,PRJNA1023559,,117
,PRJNA546004,primate,116
,PRJNA1048529,,116
,PRJNA1113386,,116
,PRJNA906950,,116
,PRJNA1035800,,116
,PRJNA769489,,116
,PRJNA658422,,116
,PRJNA841490,,115
,PRJNA753493,,114
,PRJNA916612,,114
,PRJNA407772,,114
,PRJNA559605,,113
,PRJNA610482,,113
,PRJNA641015,,113
,PRJEB61039,,113
,PRJNA816841,primate,112
,PRJNA718160,monkey,112
,PRJNA453374,cattle,112
,PRJNA643787,,112
,PRJNA730805,,112
,PRJNA831236,,112
,PRJNA598878,,111
,PRJNA847681,,111
,PRJNA939026,,111
,PRJNA1185009,,110
,PRJNA933244,,110
,PRJNA730932,,109
feces metagenome,PRJNA778925,human,108
,PRJDB8987,ape,108
,PRJEB37914,,108
,PRJNA297579,,108
,PRJNA937167,,108
,PRJEB33756,,108
,PRJNA1160072,,108
,PRJNA630534,,108
,PRJNA507739,cattle,107
,PRJNA1018603,,107
,PRJNA1182811,,107
,PRJNA634461,,107
,PRJNA695539,,107
,PRJNA735411,,106
,PRJNA906124,,106
,PRJNA890321,,106
,PRJNA1046298,,106
feces metagenome,PRJNA673918,human,104
,PRJNA1161368,cattle,104
,PRJNA777737,,104
,PRJNA977813,,104
,PRJNA892774,,104
,PRJNA973019,,104
,PRJNA729051,primate,103
feces metagenome,PRJNA855128,human,103
,PRJNA1020557,,103
,PRJEB9412,,102
,PRJNA629007,,102
,PRJEB30955,,101
,PRJNA787435,,101
,PRJNA491509,,101
,PRJNA588263,cattle,100
,PRJNA883025,,100
,PRJEB26531,,100
,PRJNA386502,,100
,PRJNA506137,,100
,PRJNA1107349,,99
,PRJNA1103354,,98
,PRJNA1136448,,98
,PRJEB12669,human,97
,PRJEB34085,,97
,PRJNA541010,primate,96
feces metagenome,PRJNA598414,pig/other,96
gut metagenome,PRJNA1102664,pig,96
metagenome,PRJNA529503,pig,96
feces metagenome,PRJNA692830,human,96
,PRJNA645414,bovine,96
,PRJEB28728,,96
,PRJEB34460,,96
,PRJNA1021612,,96
,PRJNA630108,,96
,PRJNA661164,,96
,PRJNA940347,,96
,PRJEB28815,wastewater,96
,PRJNA916383,monkey,96
,PRJNA492173,,96
,PRJNA787384,,96
,PRJNA214227,,96
,PRJEB33338,,96
,PRJNA791128,,96
,PRJNA749030,,96
,PRJNA908759,,96
,PRJEB30264,,96
,PRJNA961982,,96
,PRJNA320015,,95
,PRJNA478556,,95
,PRJNA753312,,95
,PRJEB41631,,94
,PRJNA982692,,94
,PRJEB18805,,93
,PRJEB22811,,93
,PRJNA849257,,93
,PRJEB14383,oral human,92
,PRJNA488159,,92
,PRJNA564649,,92
,PRJNA1012811,,92
,PRJNA419744,,92
,PRJNA1115893,,92
,PRJEB13142,,91
,PRJEB37623,,91
,PRJEB60557,,91
,PRJNA1007597,,91
,PRJNA466231,,91
,PRJNA565842,,91
,PRJNA904667,,91
,PRJNA314806,,91
,PRJNA633424,,91
,PRJNA822406,pig,90
feces metagenome,PRJEB46212,human,90
,PRJNA892918,,89
,PRJEB28830,,88
,PRJNA608611,,88
,PRJNA379884,,88
,PRJNA545214,,88
,PRJEB57859,,88
,PRJNA1036590,,87
,PRJNA643812,,86
,PRJNA682926,,86
,PRJNA875879,,86
,PRJEB31848,,85
,PRJNA1107343,,85
,PRJNA1114758,,85
,PRJNA789321,,85
,PRJNA992639,,85
,PRJEB36558,,84
,PRJEB38669,,84
,PRJNA782213,,84
,PRJNA952520,,84
,PRJNA1185313,,84
,PRJNA598014,,84
,PRJNA1047028,,84
,PRJEB19060,,83
,PRJNA1001812,,83
,PRJNA729853,,82
,PRJNA1113660,,82
,PRJNA657096,,81
,PRJNA821920,,81
,PRJNA874475,,81
,PRJEB20194,,81
,PRJNA202380,sheep,80
unidentified,PRJEB12458,pig,80
manure metagenome,PRJNA737271,pig,80
gut metagenome,PRJNA844237,pig,80
feces metagenome,PRJNA385215,human,80
,PRJNA902366,,80
,PRJNA752224,cattle,80
,PRJNA702231,,80
,PRJNA1032714,,80
,PRJNA894804,,80
,PRJNA727667,,80
,PRJNA883557,,80
,PRJNA602101,,80
,PRJNA867664,,80
,PRJNA994902,,80
,PRJNA749165,,80
,PRJNA972968,,80
,PRJNA1166717,,80
,PRJNA1142711,,79
,PRJNA448190,,79
,PRJNA685398,,79
,PRJEB12083,hospital,78
,PRJNA875377,,78
,PRJNA703034,,78
,PRJEB57970,,77
,PRJNA1108688,,77
,PRJNA912317,,77
feces metagenome,PRJNA946412,human,76
,PRJNA478719,,76
,PRJNA616250,,76
,PRJNA847951,,76
,PRJNA1177354,,76
,PRJNA835154,,76
,PRJEB34014,,76
,PRJEB20068,,75
,PRJNA542320,,75
,PRJNA658453,,74
,PRJNA922380,,74
,PRJNA977671,,74
,PRJNA1050885,,74
,PRJNA669352,,73
,PRJNA853174,,73
,PRJEB44766,,73
,PRJEB12466,toilet,72
feces metagenome,PRJNA734100,pig/other,72
feces metagenome,PRJNA848116,human,72
,PRJNA661048,ape,72
,PRJEB29454,,72
,PRJNA1099466,,72
,PRJNA1108463,,72
,PRJNA437202,,72
,PRJNA592741,,72
,PRJNA955930,cattle,72
,PRJNA631602,,72
,PRJNA622867,,72
,PRJNA889342,,72
,PRJNA647269,,72
,PRJNA853554,,72
,PRJNA904725,,72
,PRJNA526822,,72
,PRJNA750475,,72
,PRJNA1177199,,72
,PRJNA860042,,72
,PRJNA644244,,72
,PRJEB24383,,71
,PRJEB55488,,71
,PRJNA857474,,71
,PRJEB22376,,70
,PRJEB23349,,70
,PRJNA578177,,70
metagenome,PRJEB21168,pig-associated,68
feces metagenome,PRJNA1163957,pig,68
,PRJEB21166,"human, spiked",68
,PRJEB59568,,68
,PRJNA1087008,,68
,PRJNA237795,pig,68
,PRJNA450906,,68
,PRJNA955400,,68
,PRJNA1137132,,68
,PRJNA986525,,68
,PRJEB7840,,68
,PRJEB43822,,67
,PRJEB63639,,67
,PRJNA950955,,67
,PRJEB9118,,66
,PRJNA665350,,66
,PRJNA933895,,66
,PRJEB13329,,65
,PRJNA683608,,65
,PRJNA746311,,65
,PRJNA698986,,65
gut metagenome,PRJNA892768,other,64
feces metagenome,PRJNA1028770,human,64
feces metagenome,PRJNA772888,human,64
,PRJEB44815,,64
,PRJNA1107384,,64
,PRJNA627699,,64
,PRJNA754506,,64
,PRJNA893000,,64
,PRJNA750571,,64
,PRJNA775821,,64
,PRJNA758898,,64
,PRJNA857464,,64
,PRJNA911298,,64
,PRJNA1042833,,64
,PRJNA777422,,64
,PRJNA821230,,64
,PRJNA1042834,,64
,PRJNA915351,,64
,PRJNA966095,,64
,PRJNA724996,,64
,PRJNA835973,,64
,PRJNA498951,,63
,PRJNA733860,,63
,PRJNA852525,,63
,PRJNA1107355,,62
,PRJNA343008,,62
,PRJNA896755,,62
,PRJNA725613,,62
,PRJNA1106546,,62
,PRJNA821338,,62
,PRJNA788363,,61
,PRJNA976898,,61
manure metagenome,PRJNA853181,pig,60
,PRJEB22097,,60
,PRJNA763048,,60
,PRJNA814825,,60
,PRJNA862694,,60
,PRJNA616396,,60
,PRJNA813023,,60
,PRJEB28161,,60
,PRJNA874189,,60
,PRJEB31077,,60
,PRJEB24517,,59
,PRJNA1128356,,59
,PRJNA590085,,59
,PRJNA689808,,59
,PRJNA336354,,59
,PRJNA835321,,58
,PRJNA858966,,58
,PRJNA894999,,58
,PRJNA940664,,58
,PRJNA589220,,58
,PRJEB49264,,57
,PRJNA1125394,,57
,PRJNA761533,,57
feces metagenome,PRJNA728379,pig,56
,PRJEB6972,,56
,PRJNA877780,,56
,PRJNA985904,,56
,PRJNA847006,pig,56
,PRJNA866654,,56
,PRJNA993601,,56
,PRJEB8939,,56
,PRJNA1011517,,56
,PRJNA675502,,56
,PRJEB48021,,56
,PRJNA689293,,56
,PRJNA1018682,,56
,PRJNA844935,,56
,PRJNA984432,,56
,PRJEB38353,,55
,PRJNA558683,,55
,PRJNA785003,,55
,PRJNA1047964,,55
,PRJEB21793,unknown,54
,PRJEB37772,,54
,PRJNA777380,,54
,PRJNA784757,,54
,PRJNA819194,,54
,PRJNA876377,,54
,PRJNA527806,,54
,PRJEB23207,,54
,PRJNA344863,,53
,PRJNA565681,,53
,PRJNA940065,,53
feces metagenome,PRJNA564888,human,52
,PRJNA401033,,52
,PRJNA916223,,52
,PRJNA690892,,52
,PRJNA997718,,52
,PRJEB38174,,52
,PRJEB38909,,52
,PRJNA1032163,,52
,PRJNA820543,,52
,PRJNA999692,,52
,PRJEB22134,,51
,PRJNA683652,,51
,PRJNA807808,,51
,PRJEB31809,,50
,PRJNA560243,,50
,PRJNA592367,,50
,PRJNA918527,,50
,PRJEB29323,,50
,PRJEB16362,,49
,PRJEB23200,,49
,PRJEB5293,,49
,PRJEB52959,,49
,PRJEB53676,,49
,PRJEB81804,,49
,PRJNA752523,,49
,PRJNA876767,,49
gut metagenome,PRJNA356809,pig,48
manure metagenome,PRJNA633392,pig,48
feces metagenome,PRJNA801645,pig,48
,PRJEB15404,,48
,PRJEB17887,,48
,PRJEB21827,,48
,PRJEB29504,,48
,PRJEB33442,,48
,PRJEB37023,,48
,PRJEB42789,,48
,PRJEB8036,,48
,PRJNA1054518,,48
,PRJNA1127313,,48
,PRJNA450791,,48
,PRJNA473380,,48
,PRJNA599939,,48
,PRJNA644077,,48
,PRJNA689661,,48
,PRJNA777435,,48
,PRJNA852874,,48
,PRJNA855637,,48
,PRJNA886670,,48
,PRJNA891434,,48
,PRJNA976814,,48
,PRJNA730691,,48
,PRJEB34458,,48
,PRJNA834577,,48
,PRJEB43337,,48
,PRJNA1162000,,48
,PRJNA821923,,48
,PRJNA1095634,,48
,PRJNA784453,,48
,PRJNA773861,,48
,PRJNA922352,,48
,PRJNA1067375,,48
,PRJNA971778,,48
,PRJEB31009,,48
,PRJEB33145,,48
,PRJNA634355,,48
,PRJNA876956,,48
,PRJNA947216,,48
,PRJNA793838,wastewater,48
,PRJNA632941,,48
,PRJEB29731,,48
,PRJEB47746,,48
,PRJNA563062,,48
,PRJNA748454,,48
,PRJNA1090319,,48
,PRJNA684050,,48
,PRJNA743357,,48
,PRJNA743541,,48
,PRJNA606765,,48
,PRJNA1012006,,48
,PRJNA1113545,,48
,PRJEB11402,,47
,PRJNA1131609,,47
,PRJNA490486,,47
,PRJNA994670,,47
,PRJNA1167935,,47
,PRJNA1111395,,47
,PRJNA1115109,,47
,PRJNA953091,,47
feces metagenome,PRJNA812583,human,46
,PRJEB40382,,46
,PRJEB54740,,46
,PRJNA1074139,,46
,PRJNA649484,,46
,PRJNA748241,,46
,PRJNA803517,,46
,PRJNA820553,,46
,PRJEB60679,,45
,PRJNA552479,,45
,PRJNA943491,,45
gut metagenome,PRJNA647157,pig,44
feces metagenome,PRJNA796172,pig,44
,PRJNA438436,horse,44
,PRJEB34059,,44
,PRJEB47257,,44
,PRJNA1033805,,44
,PRJNA1096345,,44
,PRJNA737307,,44
,PRJNA831615,,44
,PRJNA883831,,44
,PRJNA730942,goat,44
,PRJNA574841,,44
,PRJNA769748,,44
,PRJEB36405,,44
,PRJNA785864,,44
,PRJNA924947,cattle,43
,PRJNA1023249,,43
,PRJNA49515,,43
,PRJNA675914,,43
,PRJNA853287,,43
,PRJNA909292,,43
,PRJNA863091,,43
,PRJEB15257,,42
,PRJEB17505,,42
,PRJEB34875,,42
,PRJEB6314,,42
,PRJNA1008992,,42
,PRJNA745034,,42
,PRJEB14811,,41
,PRJEB47877,,41
,PRJNA794207,,41
,PRJNA809384,,41
,PRJNA833246,,41
,PRJNA1032029,,41
,PRJNA601318,sheep,40
gut metagenome,PRJNA760651,pig,40
feces metagenome,PRJNA951897,pig,40
feces metagenome,PRJNA574851,other,40
feces metagenome,PRJNA386422,human,40
feces metagenome,PRJNA813004,human,40
feces metagenome,PRJNA856821,human,40
,PRJNA1166984,,40
,PRJNA544171,,40
,PRJNA743290,,40
,PRJNA756245,,40
,PRJNA816670,,40
,PRJNA828360,,40
,PRJEB20456,mixture,40
,PRJNA702770,,40
,PRJNA883659,,40
,PRJNA665590,,40
,PRJNA862629,,40
,PRJEB45779,,40
,PRJNA1015652,,40
,PRJNA1031997,,40
,PRJNA978509,,40
,PRJNA331138,,40
,PRJNA694773,,40
,PRJNA593618,,40
,PRJNA1016439,,40
feces metagenome,PRJNA484080,pig-associated,39
,PRJEB1389,,39
,PRJEB23251,,39
,PRJEB64331,,39
,PRJNA794356,,39
,PRJEB18265,,39
,PRJNA891875,,39
,PRJEB27896,,38
,PRJEB28871,,38
,PRJEB37199,,38
,PRJNA675607,,38
,PRJNA770100,,38
,PRJNA943124,,38
,PRJNA971188,,38
,PRJEB27149,,38
,PRJEB18115,,37
,PRJEB53403,,37
,PRJNA242707,,37
,PRJNA595749,,37
,PRJNA733715,,37
,PRJNA746242,,37
,PRJEB35362,,37
,PRJNA719719,,37
gut metagenome,PRJNA942432,pig,36
metagenome,PRJNA999451,pig,36
,PRJNA825695,pig,36
feces metagenome,PRJNA907943,human,36
,PRJEB27971,,36
,PRJEB29513,,36
,PRJEB29581,,36
,PRJEB56877,,36
,PRJEB67829,,36
,PRJNA1095672,,36
,PRJNA522699,,36
,PRJNA644022,,36
,PRJNA649958,,36
,PRJNA830591,,36
,PRJNA675135,,36
,PRJNA913821,,36
,PRJNA941376,,36
,PRJNA474564,,36
,PRJNA693524,,36
,PRJNA874173,,36
,PRJNA903767,,36
,PRJNA737178,wastewater,36
,PRJNA827933,,36
,PRJNA1171012,,36
,PRJNA565559,,36
,PRJEB41665,,35
,PRJNA657696,,35
,PRJNA659140,,35
,PRJNA833654,,35
,PRJNA931654,,35
,PRJNA975618,,35
,PRJEB46763,,35
,PRJEB59830,,35
,PRJEB15043,,34
,PRJEB15706,,34
,PRJEB56784,,34
,PRJNA1021400,,34
,PRJNA358755,,34
,PRJNA50781,,34
,PRJNA728956,,34
,PRJNA875203,,34
,PRJEB31415,,33
,PRJNA601807,,33
,PRJNA656796,,33
,PRJNA703035,,33
,PRJNA766489,,33
,PRJNA911846,,33
,PRJNA879251,,33
,PRJEB10338,"rumen, cow",32
feces metagenome,PRJNA982563,pig-associated,32
feces metagenome,PRJNA657304,human,32
,PRJEB15294,,32
,PRJEB20011,,32
,PRJEB27578,,32
,PRJEB54026,,32
,PRJNA1046661,,32
,PRJNA1072153,,32
,PRJNA1110046,,32
,PRJNA1119581,,32
,PRJNA634917,,32
,PRJNA750776,,32
,PRJNA755866,,32
,PRJNA782211,,32
,PRJNA875970,,32
,PRJNA888399,,32
,PRJNA512570,sheep,32
,PRJNA471730,,32
,PRJNA860353,,32
,PRJEB6542,,32
,PRJNA303107,,32
,PRJNA430956,,32
,PRJNA1067311,,32
,PRJNA1113194,,32
,PRJEB20586,,32
,PRJNA449069,,32
,PRJNA940850,,32
,PRJEB33889,,32
,PRJNA1065468,,32
,PRJNA866162,,32
,PRJNA939356,,32
,PRJEB18679,,32
,PRJNA999488,,32
,PRJNA590979,bovine,31
,PRJEB29861,,31
,PRJEB38771,,31
,PRJEB42463,,31
,PRJNA1032851,,31
,PRJNA1114803,,31
,PRJNA300600,,31
,PRJNA473068,,31
,PRJNA504043,,31
,PRJNA636619,,31
,PRJNA644399,,31
,PRJNA659479,,31
,PRJNA821718,,31
,PRJEB52722,mock/wastewater,31
,PRJNA1063243,,31
,PRJNA524401,,31
,PRJNA843911,,31
,PRJNA703749,,31
,PRJEB50285,,30
,PRJEB55487,,30
,PRJNA754110,,30
,PRJNA977029,,30
,PRJEB18687,,30
,PRJEB37430,,30
,PRJEB41030,,29
,PRJEB55113,,29
,PRJNA557509,,29
,PRJNA784340,,29
,PRJNA784430,,29
,PRJNA813168,,29
,PRJNA872486,,29
,PRJNA935076,,29
,PRJNA1054354,,29
metagenome,PRJNA784525,pig,28
feces metagenome,PRJNA529230,human,28
,PRJEB18042,,28
,PRJEB18068,,28
,PRJEB22200,,28
,PRJEB27434,,28
,PRJEB28009,,28
,PRJEB33717,,28
,PRJEB37137,,28
,PRJEB41137,,28
,PRJNA1029728,,28
,PRJNA1034292,,28
,PRJNA592050,,28
,PRJNA685791,,28
,PRJNA865167,,28
,PRJNA895961,,28
,PRJNA917057,,28
,PRJNA983699,,28
,PRJNA932960,cattle,28
,PRJNA1112970,,28
,PRJNA930555,,28
,PRJNA1176874,,28
,PRJNA728091,,28
,PRJNA1039473,,28
,PRJNA472818,,28
,PRJNA482503,,28
,PRJNA1097802,,28
,PRJEB46489,,27
,PRJNA1135228,,27
,PRJNA445836,,27
,PRJNA784435,,27
,PRJNA849401,,27
,PRJEB47788,,26
,PRJEB61771,,26
,PRJNA1033225,,26
,PRJNA1051081,,26
,PRJNA605836,,26
,PRJNA815337,,26
,PRJEB27734,,25
,PRJEB40662,,25
,PRJNA1036216,,25
,PRJNA525146,,25
,PRJNA528766,,25
,PRJNA756848,,25
,PRJNA874672,,25
,PRJNA917438,,25
,PRJNA999455,,25
,PRJEB15519,wastewater treatment,24
manure metagenome,PRJNA662623,pig-associated,24
feces metagenome,PRJNA471937,pig,24
gut metagenome,PRJNA801755,pig,24
feces metagenome,PRJNA1092107,other,24
,PRJNA390250,manure/soil,24
,PRJEB26567,,24
,PRJEB36447,,24
,PRJEB42321,,24
,PRJEB43858,,24
,PRJEB63570,,24
,PRJEB8286,,24
,PRJNA1024877,,24
,PRJNA1051816,,24
,PRJNA1177769,,24
,PRJNA1182851,,24
,PRJNA427478,,24
,PRJNA517745,,24
,PRJNA539906,,24
,PRJNA572554,,24
,PRJNA629517,,24
,PRJNA644285,,24
,PRJNA791711,,24
,PRJNA809321,,24
,PRJNA894350,,24
,PRJNA947631,,24
,PRJNA986325,,24
,PRJNA847017,,24
,PRJEB40824,,24
,PRJNA646650,,24
,PRJNA755985,,24
,PRJNA472963,,24
,PRJNA733458,,24
,PRJEB18470,,24
,PRJEB41816,,24
,PRJNA417197,,24
,PRJNA589661,,24
,PRJNA981221,,24
,PRJEB26617,,24
,PRJNA648777,,24
,PRJEB18557,,24
,PRJNA739078,,24
,PRJNA961368,,24
,PRJNA957956,,24
,PRJNA734104,,24
,PRJNA757625,,24
,PRJEB27769,,24
,PRJEB18680,,23
,PRJEB24418,,23
,PRJEB26809,,23
,PRJEB39466,,23
,PRJNA1031688,,23
,PRJNA1117482,,23
,PRJNA1121954,,23
,PRJNA1179635,,23
,PRJNA527768,,23
,PRJNA639218,,23
,PRJNA723631,,23
,PRJNA796108,,23
,PRJNA854800,,23
,PRJNA940603,,23
,PRJNA613851,,23
,PRJEB14607,,22
,PRJEB5771,,22
,PRJEB6559,,22
,PRJNA1048732,,22
,PRJNA1078731,,22
,PRJNA489693,,22
,PRJNA522005,,22
,PRJNA530103,,22
,PRJNA626440,,22
,PRJNA768391,,22
,PRJNA804019,,22
,PRJNA850792,,22
,PRJNA991280,,22
,PRJNA667736,,21
,PRJNA715615,,21
,PRJNA758802,,21
,PRJNA766251,,21
,PRJNA904214,,21
,PRJNA638876,,21
metagenome,PRJNA492489,pig,20
,PRJNA944095,pig,20
gut metagenome,PRJNA733006,other,20
,PRJEB10929,anearobic digester,20
,PRJEB15376,,20
,PRJEB24129,,20
,PRJEB24780,,20
,PRJEB34001,,20
,PRJEB45419,,20
,PRJEB50284,,20
,PRJNA1014771,,20
,PRJNA1047130,,20
,PRJNA1157596,,20
,PRJNA390542,,20
,PRJNA630588,,20
,PRJNA784933,,20
,PRJNA847753,,20
,PRJNA880624,,20
,PRJNA901126,,20
,PRJNA590977,horse,20
,PRJNA624740,yak,20
,PRJNA1030210,,20
,PRJNA909856,,20
,PRJNA888226,,20
,PRJNA1077890,,20
,PRJNA665129,,20
,PRJNA695407,,20
,PRJNA818149,,20
,PRJNA999587,,20
,PRJNA936782,,20
,PRJEB9171,,20
,PRJEB36414,,20
,PRJEB50408,,20
,PRJEB12913,,19
,PRJEB13455,,19
,PRJEB3364,,19
,PRJEB35838,,19
,PRJEB42791,,19
,PRJEB45999,,19
,PRJNA1031773,,19
,PRJNA556989,,19
,PRJNA607664,,19
,PRJNA663846,,19
,PRJNA666891,,19
,PRJNA679743,,19
,PRJNA691155,,19
,PRJNA730196,,19
,PRJNA795684,,19
,PRJNA848403,,19
,PRJNA901887,,19
,PRJNA929687,,19
,PRJNA601052,,19
,PRJNA786644,,19
,PRJNA1036620,,18
,PRJNA472628,,18
,PRJNA510441,,18
,PRJNA526912,,18
,PRJNA589017,,18
,PRJNA615335,,18
,PRJNA649531,,18
,PRJNA825364,,18
,PRJNA880369,,18
,PRJNA896864,,18
,PRJEB26614,,18
,PRJNA1105395,,17
,PRJNA591636,,17
,PRJNA854777,,17
,PRJEB16317,pig saliva,16
,PRJEB15296,pig,16
metagenome,PRJNA1118426,pig,16
manure metagenome,PRJNA633399,pig,16
manure metagenome,PRJNA633402,pig,16
feces metagenome,PRJNA847183,pig,16
gut metagenome,PRJEB31742,other,16
,PRJEB1391,human,16
,PRJDB11394,duck,16
,PRJNA827108,ape,16
,PRJDB16871,,16
,PRJEB1725,,16
,PRJEB17693,,16
,PRJEB19676,,16
,PRJEB26615,,16
,PRJEB38107,,16
,PRJEB57287,,16
,PRJNA1062905,,16
,PRJNA1086674,,16
,PRJNA1156359,,16
,PRJNA232620,,16
,PRJNA522027,,16
,PRJNA550122,,16
,PRJNA622417,,16
,PRJNA629057,,16
,PRJNA673792,,16
,PRJNA721235,,16
,PRJNA799030,,16
,PRJNA805531,,16
,PRJNA808819,,16
,PRJNA811790,,16
,PRJNA839571,,16
,PRJNA851287,,16
,PRJNA854750,,16
,PRJNA865396,,16
,PRJNA875570,,16
,PRJNA879784,,16
,PRJNA882739,,16
,PRJNA944808,,16
,PRJNA967649,,16
,PRJNA992360,,16
,PRJEB49339,,16
,PRJNA533779,,16
,PRJNA598458,,16
,PRJNA908262,,16
,PRJNA842493,,16
,PRJNA990354,,16
,PRJNA360177,,16
,PRJNA565171,,16
,PRJNA692773,,16
,PRJNA803065,,16
,PRJNA1037140,,16
,PRJNA317576,,16
,PRJNA586865,,16
,PRJEB19949,,16
,PRJNA1134278,,16
,PRJNA553237,,16
,PRJNA958464,,16
,PRJEB24039,,15
,PRJEB31746,,15
,PRJEB35371,,15
,PRJEB64347,,15
,PRJNA1088476,,15
,PRJNA1092846,,15
,PRJNA475121,,15
,PRJNA723982,,15
,PRJNA820385,,15
,PRJNA842839,,15
,PRJNA999593,,15
,PRJEB31033,,14
,PRJEB47545,,14
,PRJEB61932,,14
,PRJNA1004900,,14
,PRJNA1056831,,14
,PRJNA259179,,14
,PRJNA381379,,14
,PRJNA422569,,14
,PRJNA479576,,14
,PRJNA509142,,14
,PRJNA526389,,14
,PRJNA646785,,14
,PRJNA655381,,14
,PRJNA657014,,14
,PRJNA674485,,14
,PRJNA766590,,14
,PRJNA806991,,14
,PRJNA876378,,14
,PRJEB26344,,13
,PRJEB26778,,13
,PRJEB29511,,13
,PRJEB38213,,13
,PRJEB43573,,13
,PRJEB44119,,13
,PRJEB48692,,13
,PRJEB64278,,13
,PRJEB9761,,13
,PRJNA1033365,,13
,PRJNA1076899,,13
,PRJNA381365,,13
,PRJNA505516,,13
,PRJNA555076,,13
,PRJNA738162,,13
,PRJNA786261,,13
,PRJNA809667,,13
,PRJNA836174,,13
,PRJNA870164,,13
,PRJNA970731,,13
,PRJNA858822,,13
metagenome,PRJNA677897,pig-associated,12
,PRJEB10064,other/synthetic,12
feces metagenome,PRJNA595610,other,12
feces metagenome,PRJNA658643,human,12
,PRJEB18795,,12
,PRJEB19359,,12
,PRJEB25171,,12
,PRJEB29139,,12
,PRJEB44319,,12
,PRJEB48191,,12
,PRJEB51405,,12
,PRJEB9081,,12
,PRJNA1027363,,12
,PRJNA1050657,,12
,PRJNA1073546,,12
,PRJNA1078764,,12
,PRJNA1170356,,12
,PRJNA267179,,12
,PRJNA376489,,12
,PRJNA396669,,12
,PRJNA464171,,12
,PRJNA488682,,12
,PRJNA529966,,12
,PRJNA623111,,12
,PRJNA640235,,12
,PRJNA680161,,12
,PRJNA695108,,12
,PRJNA695397,,12
,PRJNA702906,,12
,PRJNA705894,,12
,PRJNA789782,,12
,PRJNA822495,,12
,PRJNA825121,,12
,PRJNA854743,,12
,PRJNA889689,,12
,PRJNA911048,,12
,PRJNA972883,,12
,PRJNA636365,,12
,PRJEB22775,,12
,PRJNA604466,,12
,PRJNA613725,,12
,PRJNA682610,,12
,PRJNA910923,,12
,PRJEB26686,,12
,PRJEB46131,,12
,PRJNA1045616,,12
,PRJNA1099934,,12
,PRJNA1131161,,12
,PRJNA812891,,12
,PRJNA872758,,12
,PRJNA916620,,12
,PRJNA999191,,12
,PRJNA494387,,12
,PRJNA1046219,,12
,PRJNA527177,,12
,PRJNA1045870,,12
,PRJNA1046061,,12
,PRJNA481090,,12
,PRJNA753990,,12
feces metagenome,PRJNA446061,human,11
,PRJEB17916,,11
,PRJEB30074,,11
,PRJEB32762,,11
,PRJEB7981,,11
,PRJNA1000750,,11
,PRJNA1040009,,11
,PRJNA1088887,,11
,PRJNA666241,,11
,PRJNA776914,,11
,PRJNA821538,,11
,PRJNA837705,,11
,PRJNA861894,,11
,PRJNA864104,,11
,PRJNA864791,,11
,PRJNA914873,,11
,PRJEB42466,,11
,PRJNA497508,,11
,PRJEB11421,,10
,PRJEB1798,,10
,PRJNA1004601,,10
,PRJNA1056656,,10
,PRJNA1152108,,10
,PRJNA431961,,10
,PRJNA812588,,10
,PRJNA826610,,10
,PRJNA830821,,10
,PRJNA875084,,10
,PRJNA941130,,10
,PRJEB31208,,10
,PRJEB20562,,9
,PRJEB25791,,9
,PRJEB32494,,9
,PRJEB39357,,9
,PRJEB60591,,9
,PRJNA1048723,,9
,PRJNA1090675,,9
,PRJNA1150661,,9
,PRJNA1150940,,9
,PRJNA449814,,9
,PRJNA525157,,9
,PRJNA527100,,9
,PRJNA625695,,9
,PRJNA725367,,9
,PRJNA782474,,9
,PRJNA811528,,9
,PRJNA854693,,9
,PRJNA919483,,9
,PRJNA942323,,9
,PRJEB13220,sewage,8
,PRJNA1134639,rumen,8
gut metagenome,PRJNA1015378,pig-associated,8
feces metagenome,PRJNA640717,pig-associated,8
feces metagenome,PRJNA956112,other,8
feces metagenome,PRJNA723028,human,8
,PRJNA345227,goat,8
,PRJDB4366,,8
,PRJDB5383,,8
,PRJEB12940,,8
,PRJEB14935,,8
,PRJEB24431,,8
,PRJEB27181,,8
,PRJEB28072,,8
,PRJEB28736,,8
,PRJEB32379,,8
,PRJEB33861,,8
,PRJEB35796,,8
,PRJEB36155,,8
,PRJEB37889,,8
,PRJEB4614,,8
,PRJEB60740,,8
,PRJEB61774,,8
,PRJEB63998,,8
,PRJNA1026655,,8
,PRJNA1062615,,8
,PRJNA1164039,,8
,PRJNA230567,,8
,PRJNA377096,,8
,PRJNA433020,,8
,PRJNA478143,,8
,PRJNA482015,,8
,PRJNA483870,,8
,PRJNA502430,,8
,PRJNA502432,,8
,PRJNA502434,,8
,PRJNA502435,,8
,PRJNA502436,,8
,PRJNA502438,,8
,PRJNA504009,,8
,PRJNA510104,,8
,PRJNA528687,,8
,PRJNA563009,,8
,PRJNA639009,,8
,PRJNA672826,,8
,PRJNA679730,,8
,PRJNA685579,,8
,PRJNA694851,,8
,PRJNA752935,,8
,PRJNA754380,,8
,PRJNA756881,,8
,PRJNA772929,,8
,PRJNA776740,,8
,PRJNA792495,,8
,PRJNA830999,,8
,PRJNA832264,,8
,PRJNA851189,,8
,PRJNA852537,,8
,PRJNA876842,,8
,PRJNA892955,,8
,PRJNA944573,,8
,PRJNA954467,,8
,PRJNA974554,,8
,PRJNA493817,horse,8
,PRJNA240141,,8
,PRJNA316560,,8
,PRJNA573416,,8
,PRJEB20160,,8
,PRJEB29020,,8
,PRJEB36754,,8
,PRJNA1130704,,8
,PRJNA1162843,,8
,PRJNA502431,,8
,PRJNA502433,,8
,PRJNA502437,,8
,PRJNA502439,,8
,PRJNA565268,,8
,PRJNA786879,,8
,PRJNA896917,,8
,PRJEB52550,,8
,PRJEB9426,,8
,PRJNA745436,,8
,PRJNA836395,,8
,PRJDB14208,,7
,PRJEB22782,,7
,PRJEB24831,,7
,PRJEB25810,,7
,PRJEB27738,,7
,PRJEB28178,,7
,PRJEB28363,,7
,PRJEB29075,,7
,PRJEB29198,,7
,PRJEB49187,,7
,PRJEB50286,,7
,PRJEB5813,,7
,PRJEB65720,,7
,PRJEB8015,,7
,PRJEB8065,,7
,PRJEB8072,,7
,PRJEB9018,,7
,PRJNA1002412,,7
,PRJNA1048174,,7
,PRJNA1062568,,7
,PRJNA1081682,,7
,PRJNA1097767,,7
,PRJNA1126331,,7
,PRJNA299844,,7
,PRJNA316570,,7
,PRJNA471187,,7
,PRJNA492298,,7
,PRJNA505148,,7
,PRJNA661076,,7
,PRJNA666055,,7
,PRJNA673084,,7
,PRJNA691059,,7
,PRJNA741363,,7
,PRJNA888570,,7
,PRJNA889771,,7
,PRJNA909009,,7
,PRJNA926348,,7
,PRJEB4647,,7
,PRJEB16771,chicken,6
,PRJDB16637,,6
,PRJEB10519,,6
,PRJEB19254,,6
,PRJEB19342,,6
,PRJEB21503,,6
,PRJEB26171,,6
,PRJEB28336,,6
,PRJEB30886,,6
,PRJEB31100,,6
,PRJEB31979,,6
,PRJEB36644,,6
,PRJEB37532,,6
,PRJEB39738,,6
,PRJEB39870,,6
,PRJEB43167,,6
,PRJNA1001011,,6
,PRJNA174084,,6
,PRJNA343765,,6
,PRJNA419041,,6
,PRJNA502429,,6
,PRJNA521396,,6
,PRJNA563887,,6
,PRJNA698417,,6
,PRJNA702522,,6
,PRJNA734433,,6
,PRJNA817706,,6
,PRJNA825132,,6
,PRJNA847771,,6
,PRJNA854064,,6
,PRJNA877812,,6
,PRJNA896721,,6
,PRJEB17929,,5
,PRJEB19485,,5
,PRJEB20527,,5
,PRJEB30868,,5
,PRJEB47794,,5
,PRJEB48713,,5
,PRJEB49383,,5
,PRJEB52147,,5
,PRJEB59277,,5
,PRJEB6317,,5
,PRJEB9092,,5
,PRJNA1028410,,5
,PRJNA1063731,,5
,PRJNA1088317,,5
,PRJNA1095217,,5
,PRJNA527983,,5
,PRJNA60545,,5
,PRJNA716088,,5
,PRJNA729662,,5
,PRJNA794308,,5
,PRJNA802336,,5
,PRJNA825133,,5
,PRJNA853148,,5
,PRJNA869513,,5
,PRJNA914730,,5
,PRJNA922117,,5
,PRJNA936589,,5
,PRJNA937455,,5
manure metagenome,PRJNA691721,pig,4
feces metagenome,PRJNA750156,human,4
feces metagenome,PRJNA772288,human,4
feces metagenome,PRJNA884830,human,4
,PRJNA340484,ape,4
,PRJEB11494,,4
,PRJEB12850,,4
,PRJEB14825,,4
,PRJEB15239,,4
,PRJEB18527,,4
,PRJEB19890,,4
,PRJEB20376,,4
,PRJEB20877,,4
,PRJEB24462,,4
,PRJEB25228,,4
,PRJEB25239,,4
,PRJEB25268,,4
,PRJEB25269,,4
,PRJEB25303,,4
,PRJEB25310,,4
,PRJEB25320,,4
,PRJEB25466,,4
,PRJEB25467,,4
,PRJEB25487,,4
,PRJEB26333,,4
,PRJEB26596,,4
,PRJEB28133,,4
,PRJEB29175,,4
,PRJEB30901,,4
,PRJEB34878,,4
,PRJEB36988,,4
,PRJEB41039,,4
,PRJEB4261,,4
,PRJEB44844,,4
,PRJEB56213,,4
,PRJEB6616,,4
,PRJEB7422,,4
,PRJEB7843,,4
,PRJEB8076,,4
,PRJNA1018083,,4
,PRJNA1042967,,4
,PRJNA1057829,,4
,PRJNA1074928,,4
,PRJNA1080887,,4
,PRJNA1088277,,4
,PRJNA1098502,,4
,PRJNA1099262,,4
,PRJNA1129090,,4
,PRJNA1130617,,4
,PRJNA1184734,,4
,PRJNA17391,,4
,PRJNA274897,,4
,PRJNA305465,,4
,PRJNA312164,,4
,PRJNA406191,,4
,PRJNA432804,,4
,PRJNA441061,,4
,PRJNA441063,,4
,PRJNA441068,,4
,PRJNA441070,,4
,PRJNA441073,,4
,PRJNA447890,,4
,PRJNA449738,,4
,PRJNA451425,,4
,PRJNA453126,,4
,PRJNA466981,,4
,PRJNA466982,,4
,PRJNA466986,,4
,PRJNA466987,,4
,PRJNA477326,,4
,PRJNA493952,,4
,PRJNA49397,,4
,PRJNA516998,,4
,PRJNA545356,,4
,PRJNA559759,,4
,PRJNA612669,,4
,PRJNA615660,,4
,PRJNA620693,,4
,PRJNA620704,,4
,PRJNA620711,,4
,PRJNA627655,,4
,PRJNA630213,,4
,PRJNA640737,,4
,PRJNA644779,,4
,PRJNA649681,,4
,PRJNA690816,,4
,PRJNA730326,,4
,PRJNA730329,,4
,PRJNA738554,,4
,PRJNA741919,,4
,PRJNA742939,,4
,PRJNA747634,,4
,PRJNA755887,,4
,PRJNA809015,,4
,PRJNA812273,,4
,PRJNA817827,,4
,PRJNA827862,,4
,PRJNA828442,,4
,PRJNA833914,,4
,PRJNA846548,,4
,PRJNA895727,,4
,PRJNA904523,,4
,PRJNA913408,,4
,PRJNA914731,,4
,PRJNA924045,,4
,PRJNA931729,,4
,PRJNA935699,,4
,PRJNA947122,,4
,PRJNA949407,,4
,PRJNA981689,,4
,PRJNA993188,,4
,PRJNA993412,,4
,PRJNA998092,,4
,PRJNA366460,cattle,4
,PRJNA366591,cattle,4
,PRJNA405524,elk,4
,PRJNA405525,elk,4
,PRJNA444897,goat,4
,PRJNA444898,goat,4
,PRJNA444899,goat,4
,PRJNA444904,goat,4
,PRJNA444905,goat,4
,PRJNA444906,goat,4
,PRJNA444907,goat,4
,PRJNA444908,goat,4
,PRJNA497801,cattle,4
,PRJNA545600,elephant,4
,PRJNA545601,elephant,4
,PRJNA545604,elephant,4
,PRJNA545605,elephant,4
,PRJNA688310,lak,4
,PRJNA701711,horse,4
,PRJNA704056,bovine,4
,PRJNA904419,human,4
,PRJNA340483,,4
,PRJNA340485,,4
,PRJNA340486,,4
,PRJNA340487,,4
,PRJNA366463,,4
,PRJNA366471,,4
,PRJNA444895,,4
,PRJNA444900,,4
,PRJNA444902,,4
,PRJNA444903,,4
,PRJNA468192,,4
,PRJNA468193,,4
,PRJNA468198,,4
,PRJNA545202,,4
,PRJNA545606,,4
,PRJNA545614,,4
,PRJNA545615,,4
,PRJNA663717,,4
,PRJNA844179,,4
,PRJEB30762,,4
,PRJNA1065951,,4
,PRJNA1090236,,4
,PRJNA255683,,4
,PRJNA260105,,4
,PRJNA340488,,4
,PRJNA340489,,4
,PRJNA340490,,4
,PRJNA340521,,4
,PRJNA340522,,4
,PRJNA340523,,4
,PRJNA340524,,4
,PRJNA342744,,4
,PRJNA366487,,4
,PRJNA366667,,4
,PRJNA366681,,4
,PRJNA405526,,4
,PRJNA405527,,4
,PRJNA421859,,4
,PRJNA428537,,4
,PRJNA441060,,4
,PRJNA441062,,4
,PRJNA441066,,4
,PRJNA441067,,4
,PRJNA441069,,4
,PRJNA444891,,4
,PRJNA444892,,4
,PRJNA444893,,4
,PRJNA444894,,4
,PRJNA444896,,4
,PRJNA444901,,4
,PRJNA468189,,4
,PRJNA468190,,4
,PRJNA468191,,4
,PRJNA468194,,4
,PRJNA468195,,4
,PRJNA468196,,4
,PRJNA468197,,4
,PRJNA468199,,4
,PRJNA468200,,4
,PRJNA468201,,4
,PRJNA468202,,4
,PRJNA468203,,4
,PRJNA493162,,4
,PRJNA540280,,4
,PRJNA545603,,4
,PRJNA576751,,4
,PRJNA608645,,4
,PRJNA609587,,4
,PRJNA620692,,4
,PRJNA620694,,4
,PRJNA620695,,4
,PRJNA620696,,4
,PRJNA620697,,4
,PRJNA620698,,4
,PRJNA620699,,4
,PRJNA620700,,4
,PRJNA620703,,4
,PRJNA620705,,4
,PRJNA620708,,4
,PRJNA620709,,4
,PRJNA620710,,4
,PRJNA620713,,4
,PRJNA620714,,4
,PRJNA620715,,4
,PRJNA620718,,4
,PRJNA620719,,4
,PRJNA620720,,4
,PRJNA666510,,4
,PRJNA683981,,4
,PRJNA879921,,4
,PRJNA887424,,4
,PRJNA916364,,4
,PRJNA923741,,4
,PRJNA933566,,4
,PRJNA946794,,4
,PRJNA964586,,4
,PRJDB6640,,3
,PRJEB10054,,3
,PRJEB11730,,3
,PRJEB13141,,3
,PRJEB13486,,3
,PRJEB16064,,3
,PRJEB20169,,3
,PRJEB20768,,3
,PRJEB21520,,3
,PRJEB25170,,3
,PRJEB25177,,3
,PRJEB25200,,3
,PRJEB25237,,3
,PRJEB25238,,3
,PRJEB25241,,3
,PRJEB25243,,3
,PRJEB25270,,3
,PRJEB25289,,3
,PRJEB25291,,3
,PRJEB25292,,3
,PRJEB25295,,3
,PRJEB25296,,3
,PRJEB25297,,3
,PRJEB25298,,3
,PRJEB25301,,3
,PRJEB25302,,3
,PRJEB25305,,3
,PRJEB25308,,3
,PRJEB25309,,3
,PRJEB25313,,3
,PRJEB25317,,3
,PRJEB25318,,3
,PRJEB25319,,3
,PRJEB25321,,3
,PRJEB25476,,3
,PRJEB26542,,3
,PRJEB27144,,3
,PRJEB28029,,3
,PRJEB31029,,3
,PRJEB32683,,3
,PRJEB33278,,3
,PRJEB35574,,3
,PRJEB35877,,3
,PRJEB37898,,3
,PRJEB42454,,3
,PRJEB43406,,3
,PRJEB44905,,3
,PRJEB45413,,3
,PRJEB53824,,3
,PRJEB57876,,3
,PRJEB62460,,3
,PRJEB7459,,3
,PRJNA1023524,,3
,PRJNA1026874,,3
,PRJNA1029732,,3
,PRJNA1048719,,3
,PRJNA1052986,,3
,PRJNA1074233,,3
,PRJNA1075769,,3
,PRJNA1078543,,3
,PRJNA1117086,,3
,PRJNA1122208,,3
,PRJNA1137886,,3
,PRJNA1164473,,3
,PRJNA17397,,3
,PRJNA176586,,3
,PRJNA196750,,3
,PRJNA365034,,3
,PRJNA406187,,3
,PRJNA406188,,3
,PRJNA406189,,3
,PRJNA406192,,3
,PRJNA406193,,3
,PRJNA406194,,3
,PRJNA441064,,3
,PRJNA441065,,3
,PRJNA441071,,3
,PRJNA441072,,3
,PRJNA471522,,3
,PRJNA471753,,3
,PRJNA473421,,3
,PRJNA474795,,3
,PRJNA480137,,3
,PRJNA481148,,3
,PRJNA596069,,3
,PRJNA596855,,3
,PRJNA609054,,3
,PRJNA620701,,3
,PRJNA620702,,3
,PRJNA630144,,3
,PRJNA692334,,3
,PRJNA720801,,3
,PRJNA728719,,3
,PRJNA747808,,3
,PRJNA752259,,3
,PRJNA812346,,3
,PRJNA831879,,3
,PRJNA847758,,3
,PRJNA849974,,3
,PRJNA868720,,3
,PRJNA893826,,3
,PRJNA941822,,3
,PRJNA943417,,3
,PRJEB44685,,3
,PRJDB12993,,2
,PRJEB1352,,2
,PRJEB14301,,2
,PRJEB1602,,2
,PRJEB18746,,2
,PRJEB20386,,2
,PRJEB24626,,2
,PRJEB24788,,2
,PRJEB25240,,2
,PRJEB25242,,2
,PRJEB25299,,2
,PRJEB25300,,2
,PRJEB25304,,2
,PRJEB25307,,2
,PRJEB25311,,2
,PRJEB25316,,2
,PRJEB25468,,2
,PRJEB25511,,2
,PRJEB26952,,2
,PRJEB38099,,2
,PRJEB39681,,2
,PRJEB39853,,2
,PRJEB4753,,2
,PRJEB52002,,2
,PRJEB53155,,2
,PRJEB7460,,2
,PRJNA1005597,,2
,PRJNA1009084,,2
,PRJNA1025834,,2
,PRJNA1076081,,2
,PRJNA1109551,,2
,PRJNA1144440,,2
,PRJNA1149449,,2
,PRJNA158313,,2
,PRJNA322166,,2
,PRJNA417962,,2
,PRJNA427267,,2
,PRJNA433183,,2
,PRJNA450443,,2
,PRJNA46309,,2
,PRJNA471756,,2
,PRJNA475330,,2
,PRJNA493815,,2
,PRJNA506993,,2
,PRJNA540872,,2
,PRJNA552190,,2
,PRJNA554856,,2
,PRJNA599206,,2
,PRJNA612982,,2
,PRJNA620712,,2
,PRJNA620716,,2
,PRJNA634975,,2
,PRJNA644361,,2
,PRJNA655841,,2
,PRJNA695014,,2
,PRJNA715635,,2
,PRJNA743985,,2
,PRJNA768945,,2
,PRJNA809331,,2
,PRJNA816680,,2
,PRJNA819667,,2
,PRJNA821436,,2
,PRJNA821973,,2
,PRJNA832417,,2
,PRJNA833319,,2
,PRJNA882120,,2
,PRJNA887364,,2
,PRJNA901203,,2
,PRJNA922518,,2
,PRJNA934142,,2
,PRJNA936938,,2
,PRJNA957541,,2
,PRJNA991979,,2
,PRJEB12234,,1
,PRJEB18453,,1
,PRJEB21816,,1
,PRJEB23408,,1
,PRJEB24423,,1
,PRJEB24753,,1
,PRJEB28832,,1
,PRJEB30781,,1
,PRJEB30819,,1
,PRJEB35343,,1
,PRJEB38149,,1
,PRJEB39106,,1
,PRJEB42592,,1
,PRJEB44108,,1
,PRJEB44898,,1
,PRJEB49144,,1
,PRJEB49241,,1
,PRJEB50260,,1
,PRJNA1004433,,1
,PRJNA1023507,,1
,PRJNA1031139,,1
,PRJNA1036630,,1
,PRJNA1064698,,1
,PRJNA1080186,,1
,PRJNA1129608,,1
,PRJNA1165493,,1
,PRJNA215774,,1
,PRJNA279302,,1
,PRJNA319903,,1
,PRJNA400849,,1
,PRJNA406190,,1
,PRJNA470588,,1
,PRJNA620706,,1
,PRJNA620707,,1
,PRJNA620717,,1
,PRJNA650166,,1
,PRJNA699146,,1
,PRJNA705176,,1
,PRJNA705398,,1
,PRJNA751165,,1
,PRJNA753514,,1
,PRJNA755812,,1
,PRJNA759733,,1
,PRJNA771993,,1
,PRJNA776087,,1
,PRJNA785410,,1
,PRJNA795992,,1
,PRJNA812770,,1
,PRJNA816315,,1
,PRJNA81855,,1
,PRJNA885126,,1
,PRJNA89735,,1
,PRJNA900714,,1
,PRJNA925931,,1
,PRJNA934596,,1